sku,EAN,name
105379,5901810000011,Apis-Enzym-Peeling mit Bioenzymen und Meeresalgen 100ml
108616,5901810006525,apis hydro evolution extrem feuchtigkeitsspendende Algenmaske mit Birne und Rhabarber aquaxtrem ™ 250g
109094,5906717405396,Elektrische kosmetikliege azzurro 708a 4 motoren weiss
109237,5906717405648,Friseurwaschbecke Gabbiano Ankara schwarz
109403,5906717405921,Gabbiano infrarothaube trockenhaube mit stativ gl-505s grau
109519,5906717406072,Gabbiano infrarothaube trockenhaube mit stativ gl-505s silber
109615,7610558560982,Valera haartrockner swiss light 5400 fold-away ionic
111351,5906717406317,Kosmetikhocker 1025 schwarz giovanni
114485,5906717408748,GABBIANO WASCHSCHÜSSEL WEISS
115247,5906717409370,Lupenleuchte led s5 + stativ
115561,5906717409547,Bedampfer d-008
118591,5906717409929,Kosmetikhocker 6001 schwarz
119727,5906717410048,Kosmetikhocker für pediküre a-007 weiss
122663,5901810003050,Apis Azelainsäure 30% 30 ml
122803,8936000923341,Nghia export metall-nagelhautschieber p-10
123363,5906717412950,"Saeyang Kabel für Kopf Marathon SDE-H200, SDE-SH300S, SDESH30N, SDE-M33E, SDE-M40ES grau"
124104,5906717414404,Kosmetikliege spa pediküre mit massagefunktion 308
124725,5906717415265,Gabbiano friseurbedienplatz mit waschbecken b085
124836,5906717415562,Beistellwagen tattoo pro ink 701 schwarz
124848,5906717415616,Beistellwagen tattoo pro ink 1019a schwarz
125383,5906717417016,Gabbiano barberstuhl amadeo braun
125392,5906717417085,Barberstuhl Gabbiano Rufo schwarz
125408,5906717429873,Hair system friseurstuhl ber 8541 schwarz
125588,5906717417276,Spa-kosmetikliege azzurro 818a 4 motoren weiss beheizbar
125930,5901810004149,apis regenerierende Crememaske zur Gesichtsmassage 200 ml
125935,5901810004132,Apis Gel für Behandlungen mit Ultraschall 500ml
126408,5906717462924,Pro Ink Lampenhalter mit Ablage
126608,5901810004545,apis api-podo fußcreme regenerierend und feuchtigkeitsspendend 500ml
106681,5906717404825,Nageltisch 2027 weiß 2 Schränke mit Staubabsaugung
106916,5906717404863,Seayang bürsten für fräser marathon champion
106977,5906717404870,Fussbadewanne mit massagefunktion
107066,9003877907091,Gel henna refectocil 3.1 hellbraun
107068,9003877907121,Gel henna refectocil 4 kastanienbraun
107069,9003877901174,Wasserstoffperoxid flüssigkeit refectocil 3% 100ml
107070,9003877901143,Färbemittel-entferner refectocil 150ml
107072,5906717404887,Beinauflage für pediküre breit
107214,5907522870614,Nierenschale aus kunststoff 20 cm (400ml)
107470,8421421900670,Depilflax enthaarungswachs dose 800ml azulen
107603,5906717418877,Nadeln-set für elektrokoagulator
107644,5906717404986,Gabbiano friseur-waschbecken q-2278 schwarz
107646,5906717404993,Gabbiano friseur-waschbecken q-2460
107763,5906717405051,Kosmetikhocker am-304 schwarz
108038,5906717405105,Gabbiano trockenhaube mit stativ li-202s 2 geschwindigkeiten schwarz
108039,5906717405112,Gabbiano saunahaube mit stativ 828-fd
108041,5906717423161,Gabbiano infrarothaube trockenhaube mit wandarm gd-505w grau
108106,5906717425585,Beistellwagen kombi ii weiss
108258,7610558001775,Valera kreppeisen silhouette
108267,7610558603085,Valera warmluft-styler turbo style 1000 tourmaline
108398,5906717428845,Nagelfräser mit Absaugung Exo Podo Line
108587,5901810001643,apis mandelic terapis mandelic acid 40% 30ml
108589,5901810001629,Apis Glyco Terapis Glykolsäure 35% 30 ml
108595,5901810001421,apis hydro evolution ultraleichte creme extrem feuchtigkeitsspendend mit birnen- und rhabarber aquaxtrem ™ 100ml
108607,5901810001414,apis hydro evolution extrem feuchtigkeitsspendendes Serum mit Birnen- und Rhabarber aquaxtrem ™ 100ml
108611,5901810001346,apis hydro evolution extrem feuchtigkeitsspendende Gelmaske mit Birne und Rhabarber aquaxtrem ™ 200ml
108619,5901810001353,apis hydro evolution enzymatisches Birnenschälen mit vulkanischer Lava 2in1 200ml
108623,5901810001551,Apis-Nebel mit Bio-Orangenfruchtwasser und Stammzellen 150ml
109051,5906717405297,"Friseurfolie alu rolle 250m x 0,014mm"
109076,5906717405303,Elektrische kosmetikliege azzurro 870 3 motoren grau
109079,5906717405310,Elektrische kosmetikliege azzurro 870 3 motoren cappuccino
109081,5906717405327,Elektrische kosmetikliege azzurro 870 3 motoren weiss
109082,5906717405334,Elektrische Kosmetikliege Azzurro 870s pedi 3 Motoren grau
109085,5906717405341,Elektrische kosmetikliege azzurro 870s pedi 3 motoren cappuccino
109087,5906717405358,Elektrische podologie kosmetikliege azzurro 709a 3 motoren grau
109092,5906717405372,Spa-kosmetikliege azzurro 805 1 motoren wenge/latte
109093,5906717405389,Elektrische podologie kosmetikliege azzurro 709a 3 motoren weiss
109095,5906717405402,Elektrische kosmetikliege azzurro 708as pedi 3 motoren weiss
109099,5906717405440,Elektrischer Kosmetikstuhl Azzurro 706 pedi 1 Motor weiß
109188,5906717405495,Kosmetikhocker a-5299 weiss
109193,5906717405501,Kosmetikhocker a-4299 weiss
109208,5906717426964,Gabbiano friseurstuhl helsinki schwarz
109209,5906717426957,Gabbiano friseurstuhl helsinki braun
109220,5906717426834,Gabbiano friseurstuhl amsterdam schwarz
109230,5906717405617,Snippex nagelhautzange 12cm / 4mm
109233,5906717426872,Gabbiano Friseurstuhl Ankara schwarz
109234,5906717426865,Gabbiano Friseurstuhl Ankara braun
109330,5906717405686,Gabbiano friseurwagen 100c schwarz
109334,5906717405723,Gabbiano friseurwagen 008 schwarz
109401,5906717405907,Gabbiano infrarothaube trockenhaube mit stativ fl-101s grau
109464,5906717416484,Syis Tripeptyd viper ampullen serum mit schlangengift 10x3ml
109506,5906717405952,Gabbiano friseur-fussstütze 90 inox
109513,5906717406010,Gabbiano trockenhaube mit stativ centurion lvi-203s 3 geschwindigkeiten ionic weiss
109517,5906717423192,Gabbiano infrarothaube trockenhaube mit wandarm gd-505w silber
109612,7610558005766,Valera trockenhaube ionic comfort
109773,5906717406096,Kessner haarpflege glätteisen ultra & infra digital
110229,5906717416507,Syis Normalisierende ampullen 10x3ml
110576,5906717406188,Elektrische kosmetikliege azzurro 708a 4 motoren grau
110577,5906717406195,Elektrische kosmetikliege azzurro 708as pedi 3 motoren grau
110844,9003877901181,Wasserstoffperoxid creme refectocil 3% 100ml
110943,9003877901167,Make-up-entferner refectocil 150ml
110965,5906717416378,Syis Vitamincocktail - ampullen  10 x 3 ml
111138,5906717406232,Gabbiano friseurhocker q-4599 schwarz
111225,5901810001858,apis reinigendes Mizellenwasser zur Entfernung von Gesichts- und Augen-Make-up 500 ml
111292,5906717406256,Gabbiano friseurwagen deluxe 500 schwarz
111339,5906717406263,Elektrische massageliege azzurro 684 1 motor weiss
111340,5906717406270,Elektrische massageliege azzurro 693a 1 motoren weiss
111341,5906717406287,Elektrische massageliege azzurro 808 2 motoren weiss
111342,5906717406294,Elektrische massageliege azzurro 329d 1 motor weiss
111343,5906717406300,Massageliege azzurro 328 weiss
111422,5906717426902,Gabbiano friseurstuhl berlin schwarz
111424,5906717406423,Gabbiano friseur-waschbecken berlin grau
111433,5906717426995,Gabbiano friseurstuhl london schwarz
111435,5906717406492,Gabbiano friseur-waschbecken london schwarz
111436,5906717406508,Gabbiano friseur-waschbecken london braun
111446,5906717426827,Gabbiano friseurstuhl amsterdam schwarz-weiss
111451,5906717406553,Snippex nagelhautzange 11cm / 5mm
111521,5906717406584,"Fussschalter für kosmetikliege azzurro 870, 709, 877"
111786,17922416215,Barbicide dy-zoff haarfarbe-entferner-pads 80 stück
112172,5906735706628,Barbicide hand disinfection zur hand- und hautdesinfektion 250ml
112368,5906717406669,Kosmetikhocker a-5299 schwarz
112371,5906717406690,Gabbiano barberstuhl royal schwarz
112440,5906717406768,Perforierte einweghandtücher für kosmetische behandlungen 100 st. 15x20 cm weiss
112468,5906717406799,Elektrischer Kosmetikstuhl für Pediküre Azzurro 706 1 Motor schwarz
112488,5906717406805,Snippex nagelhautzange 10cm / 4mm
112490,5906717406829,Snippex nagelhautzange 9cm / 5mm
112491,5906717406836,Snippex nagelhautzange 10cm / 5mm
112492,5906717406843,Snippex nagelzange 14cm
112493,5906717406850,Snippex nagelzange 11cm
112494,5906717406867,Snippex nagelzange 13cm
112495,5906717406874,Snippex nagelzange 15cm
112497,5906717406881,Snippex pinzette schräg 8cm
112498,5906717406898,Snippex pinzette schräg 10cm
112499,5906717406904,Snippex pinzette schräg 10cm farbig
112500,5906717406911,Snippex feile für eingewachsene nägel 12cm
112501,5906717406928,Snippex feile für eingewachsene nägel 13cm
112503,5906717406942,Snippex nagelhautschieber / feile für eingewachsene nägel 2in1 14cm
112504,5906717406959,Snippex nagelsonde podologie 15cm
112505,5906717406966,Snippex nagelhautschieber 16cm
112506,5906717406973,Snippex nagelsonde podologie 16cm
112507,5906717406980,Snippex nagelhautschieber 12cm
112592,5906717407048,Gabbiano barberstuhl imperial braun
112603,5906717407062,Hydraulische podologie kosmetikliege azzurro 713a weiss
112604,5906717407079,Hydraulische podologie kosmetikliege azzurro 713a grau
112605,5906717407086,Fussbadewanne azzurro für pediküre mit hydromassage a023
112664,5906717407123,Wachs-heizgerät dose 2in1 400ml + 800ml 400w
112833,5906717416613,Syis Helix extract serum ampullen 10x3ml
112837,5906717407192,Gabbiano friseurwagen 006 schwarz
112838,5906717407208,Gabbiano friseurwagen 188 timer schwarz
112892,5906717426926,Gabbiano friseurstuhl brüssel schwarz
112894,5906717407369,Gabbiano friseur-waschbecken brüssel schwarz
112913,5906717407536,Saeyang Nagelfräser Marathon 3 Champion pink + H200
112915,5906717407543,Nagelfräser marathon k38 crafien mini weiss
112916,5906717407550,Nagelfräser marathon k35 crafien weiss
112927,5906717407567,Kosmetikhocker am-302 schwarz
112992,8936000922542,Omi pro-line nagel(haut)zange nb-107 nail nippers box joint
112993,8936000922207,Omi pro-line nagel(haut)zange al-201 acrylic nail nippers jaw16/6mm lap joint
112994,8936000922009,Omi pro-line nagel(haut)zange cl-101 cuticle nipper jaw12/4mm lap joint
112996,8936000922122,Omi pro-line nagel(haut)zange cl-203 cuticle nippers jaw12/4mm lap joint
112997,8936000915148,Omi pro-line nagel(haut)zange cb-101 cuticle nipper jaw12/4mm box joint
112998,8936000922221,Omi pro-line nagel(haut)zange podo nl-102 ingrown nail nippers lap joint
113070,8936000922184,Omi pro-line nagel(haut)zange al-101 acrylic nail nippers jaw16/6mm lap joint
113071,8936000915360,Omi pro-line nagel(haut)zange ab-101 acrylic nail nippers jaw16/6mm box joint
113072,8936000922382,Omi pro-line nagel(haut)zange cb-202 cuticle nipper jaw12/4mm lap joint
113073,8936000922481,Omi pro-line nagel(haut)zange podo nb-102 ingrown nail nippers box joint
113074,8936000915438,Omi pro-line nagel(haut)zange nl-103 nail nippers lap joint
113075,8936000922528,Omi pro-line nagel(haut)zange nb-103 nail nippers box joint
113076,8936000922504,Omi pro-line nagel(haut)zange podo nl-106 ingrown nail nippers box joint
113077,8936000922320,Omi pro-line nagel(haut)zange cb-102 cuticle nipper jaw12/4mm box joint
113078,8936000915520,Omi pro-line nagelhautschieber p1
113079,8936000915537,Omi pro-line nagelhautschieber p2
113080,5906717407789,Omi pro-line nagelhautschieber p3
113081,5906717407796,Omi pro-line nagelhautschieber p4
113082,5906717407802,Omi pro-line nagelhautschieber p5
113083,5906717407819,Omi pro-line nagelhautschieber p6
113084,8936000915582,Omi pro-line nagelhautschieber p16
113085,8936000915599,Omi pro-line nagelhautschieber p23
113086,8936000922634,Omi pro-line nagelhautschieber p38
113087,8936000915612,Omi pro-line nagelhautschieber p67
113116,5906717407871,Spa-kosmetikliege azzurro a314s white mit beleuchtung
113192,5906717418259,Syis - microneedle pen / stift 05 silver
113231,5906717417801,"Dermaroller zur mesotherapie 2,0 mm 540 stahlnadeln"
113232,5906717417818,"Dermaroller zur mesotherapie 1,5 mm 540 stahlnadeln"
113233,5906717417825,"Dermaroller zur mesotherapie 1,0 mm 540 stahlnadeln"
113234,5906717418846,"Dermaroller zur mesotherapie 0,25 mm 540 stahlnadeln"
113235,5906717417832,"Dermaroller zur mesotherapie 0,75 mm 540 stahlnadeln"
113236,5906717418822,"Dermaroller zur mesotherapie 0,5 mm 540 stahlnadeln"
113237,5906717418839,"Dermaroller zur mesotherapie 0,3 mm 540 stahlnadeln"
113254,5906717408137,Elektrische Nagelfräser Merc-2000 Grau
113259,5906717408168,Klappnageltisch 4031 weiß + Tasche
113260,5906717408175,Beinauflage für pediküre bell weiss
113262,5906717408199,Beleuchteter Plafond Friseursalon BB-02 Silber groß
113558,5906717408212,Gabbiano friseur-waschbecken berlin lux schwarz
113632,5906717408250,Gabbiano friseurwagen deluxe 401
113895,5906717408328,Seayang kopf h-200 für fräser marathon
113912,5906717408342,Elektrische Nagelfräser Merc-2000 Weiss
113962,5906717408434,"Tisch-lupenlampe lupenleuchte led moonlight 8012/5"" white"
113964,5906717408458,"Tisch-lupenlampe lupenleuchte led moonlight 8013/6"" white"
113965,5906717408465,"Tisch-lupenlampe lupenleuchte led moonlight 8013/6"" black"
113966,5906717408472,Stativ für lupenleuchte moonlight weiss
113967,5906717408489,Einweg-schutzbezug mit gummiband 10 st.
114182,5906717408540,Lafomed Autoklav Premium Line ref.  Nr. Lf-12l-e mit Drucker klasse-b medizinisc
114194,5906717408557,Gabbiano friseur-roll-waschbecken mit stativ 128
114196,5906717408564,Lupenleuchte led s4 + stativ
114208,5906717408571,Gabbiano friseurwagen 048a schwarz
114271,5906717408588,Gabbiano barberstuhl moto style schwarz
114428,5906717408649,Lupenleuchte s4 + stativ
114462,5906717408700,Alu friseur-sprühflasche 400ml
114463,5906717408717,Alu friseur-sprühflasche 200ml
114466,5906717408724,Haarfärbeschale a-013 schwarz
114571,5906717408816,"Wachs-heizgerät dose 400ml, 100w weiss"
114830,5906717408885,Friseurstuhl-sitz für kinder schwarz
114850,5906717408908,Tisch-lupenleuchte elegante 6014 60 led smd 5d
114851,5906717428371,Lupenleuchte elegante 6014 60 led smd 5d mit stativ
114876,5906717408960,Elektrische kosmetikliege azzurro 869a - drehbar - 4 motoren weiss
114877,5906717408977,Elektrische kosmetikliege azzurro 869as pedi drehbar 5 motoren weiss
114879,5906717408991,Spa-kosmetikliege azzurro 838 4 motoren
114880,5906717409004,Spa-kosmetikliege azzurro 818a 4 motoren weiss
114883,5906717409035,Elektrische Nagelfraser Yoshida Pro-Spray LCD
114917,5906717409066,Hydraulische kosmetikliege a 210c pedi schwarz
114927,5906717409073,Paraffin 200g orange
114947,5906717409080,Hydraulische kosmetikliege a 210d mit wiege weiss
114948,5906717409097,Hydraulische kosmetikliege a 234c pedi schwarz
114949,5906717409103,Hydraulische kosmetikliege a 234 schwarz
114954,5906717409110,"Lupenlampe lupenleuchte led moonlight 8012/5"" white mit stativ"
114955,5906717409127,"Lupenlampe lupenleuchte led moonlight 8013/6"" white mit stativ"
114960,5906717426889,Gabbiano Friseurstuhl Ankara grau
115037,5906717418266,Syis - microneedle pen / stift 03 white-red
115171,5906717409295,Lupenlampe-griff tube inox
115172,5906717409301,Stativ für lupenleuchte moonlight schwarz
115185,5906717409318,Kosmetikwagen podologie y-300 weiss
115194,5906717409349,Schablonen grün fn02 500 st.
115250,5906717409394,Schreibtischleuchte slim led weiss
115252,5906717409417,"Lupenlampe lupenleuchte led moonlight 8013/6"" black mit stativ"
115391,5906717409486,Lafomed Autoklav Premium Line ref. Nr. Lf-18l-e mit Drucker klasse-b medizinisc
115392,5906717409493,Lafomed Autoklav premium line lfss23aa mit Drucker 23-l klasse-b medizinisch
115406,8421421103521,Quickepil wachspatrone natural 110g
115408,8421421103545,Quickepil wachspatrone azulen 110g
115409,8421421103552,Quickepil wachspatrone zink-argan 110g
115411,8421421100513,Quickepil wachspatrone für gesicht rosa klein 110g
115412,8421421101121,Quickepil hartwachs ohne streifen zur haarentfernung 1kg blau
115415,8421421101145,Quickepil hartwachs ohne streifen zur haarentfernung 1kg grün
115417,8421421103569,Quickepil enthaarungswachs dose 400ml natural
115419,8421421103583,Quickepil enthaarungswachs dose 400ml rosa
115420,8421421103590,Quickepil enthaarungswachs dose 800ml rosa
115422,8421421103613,Quickepil enthaarungswachs dose 800ml zink-argan
115423,8421421103620,Quickepil enthaarungswachs dose 800ml azulen
115425,5906717418358,Quickepil wachsdosenflansch 10 st.
115426,8421421800062,Quickepil wachsresteentferner für geräte 500ml
115428,8421421101893,Quickepil post epil öl 1000ml
115429,8421421101909,Quickepil massageöl 1000ml
115494,5901810006556,Apis Oxygenating Algenmaske mit Aktivsauerstoff 200g
115495,5901810002718,Apis Oxygenating Peeling - Mikrodermabrasionseffekt 200ml
115500,5901810006563,APIS PFLAUMENALGEN MASKE MIT CHIA 200G SAMEN
115532,5906717409523,Lafomed Autoklav premium line lfss08aa mit Drucker 8-l klasse-b medizinisch
115554,5906717409530,Verpackungen-schweißgerät lafomed f-300a
115575,5901810004507,Apis Hydrogel Reinigungstonikum mit Hyaluronsäure 300ml
115807,5906717421617,Set zur haarentfernung single 1.1
115810,5906717421600,Set zur haarentfernung single 3.3
115811,5906717421594,Set zur haarentfernung single 5.5
115822,5906717421822,Set zur haarentfernung mono 1.1
115824,5906717421808,Set zur haarentfernung mono 5.5
116273,5906717409721,Einbau-Staubabsorber Momo S-41 silber
116304,5906717409738,Stativ für lupenleuchte elegante
116446,8421421101824,"Quickepil enthaarungsstreifen 23x7,5 cm 200 st."
116447,8421421101855,Quickepil enthaarungsstreifen rolle 60m
116450,8421421101916,Quickepil einweg-stringtanga 100 st.
116454,8421421102043,Quickepil spunlace-masken für gesichtsbehandlung 50 st.
116455,8421421102050,Quickepil spunlace-masken für gesichtsbehandlung 50 st.
116456,8421421102074,Quickepil einweg-umhang für make-up 50 st.
116473,5901810002589,Apis Hydrogel Glättung Tonic mit Hyaluronsäure 500ml
117050,9003877576631,Set refectocil starter kit creativ colours
118098,5906717409875,Seayang Nagelfräser marathon n7 + ES6 100W
118513,8421421100766,Depilflax post epil öl 1000ml
118590,5906717409912,Kosmetikhocker 6001 weiß
118764,5906717409943,Elektrische kosmetikliege azzurro 869as pedi drehbar 5 motoren grau
118765,5906717409950,Elektrische kosmetikliege azzurro 869a - drehbar - 4 motoren grau
119060,5906717409967,Led-lampe für wimpern und make-up polluks ii typ msp-ld01
119183,5906717409981,Schablonen nf1007 rosa 500 st. Zikaden
119670,7610558007647,Valera haartrockner swiss light 3200
119728,5906717410055,Kosmetikhocker für pediküre a-007 schwarz
119781,5906717410086,"Ringlampe ring light 18"" 48w led schwarz + stativ"
120457,5906717423260,Gabbiano Haartrockner Centurion DVI-303W drei Geschwindigkeiten ionisch schwarz
122287,5906717410208,Seayang kopf es6 für fräser marathon
122307,5906717410390,Kosmetikhocker azzurro 156f bump-up weiss
122340,5906717410567,Gabbiano barberstuhl boss schwarz
122350,5906717410659,Basic 202 Kosmetikliege mit Schubladen weiß
122351,5906717410666,Saeyang Nagelfräser Marathon 3 Champion black + H200
122352,5906717410673,Hydraulische kosmetikliege a 234d mit wiege weiss
122385,5906717410697,Tisch-lupenleuchte led s5
122513,5906717410802,Lafomed autoklav compact line lfss08ac mit drucker 8-l klasse-b medizinisch
122514,5906717410819,Lafomed autoklav compact line lfss18ac mit drucker 18-l klasse-b medizinisch
122515,5906717410826,Lafomed autoklav compact line lfss12ac mit drucker 12-l klasse-b medizinisch
122516,5906717410833,Lafomed autoklav compact line lfss23ac mit drucker 23-l klasse-b medizinisch
122524,5906717410918,Seayang Nagelfräser marathon new n2 + sh300s
122559,5906717411014,Glasbehälter für instrumentendesinfektion 750ml
122560,5906717411021,Glasbehälter für instrumentendesinfektion 1400ml
122656,5901810003098,apis be beauty - fürsorgliche Handcreme 300ml
122659,5901810003104,apis black dream - fürsorgliche handcreme 300ml
122661,5901810003074,"Apis Amlkomplexsäure 30% 30 ml (Azelainsäure, Mandel, Milchsäure)"
122662,5901810003081,Apis-Ferulasäure 40% 30 ml
122664,5901810003067,Apis-Glykolsäure 50% 30 ml
122665,5901810002992,apis dermasoft intensiv beruhigendes Gel nach hautreizenden Behandlungen 50ml
122666,5901810002985,apis dermasoft intensiv beruhigendes Gel nach hautreizenden Behandlungen 200ml
122667,5901810006570,apis entgiftende Algenmaske mit Bambuskohle und ionisiertem Silber 250g
122668,5901810002961,apis entgiftende Gelmaske mit Bambuskohle und ionisiertem Silber 200ml
122669,5901810003005,apis entgiftendes Gesichtsserum mit Bambuskohle und ionisiertem Silber 100ml
122670,5901810003111,apis gutes Leben - fürsorgliche Handcreme 300ml
122672,5901810003128,apis sinnliches Mädchen - Pflege Handcreme 300ml
122678,5906717411335,Woson Autoklav New Tanco 8 L Typ D mit B-Klasse-Drucker medizinisch
122679,5906717411342,Woson Autoklav New Tanco 12 L Typ D mit B-Klasse-Drucker medizinisch
122691,5907457901469,Kosmetisches einweg-papiertuch schwarz
122762,8936000922672,Nghia export nagelhautzange c-01 jaw 12 (5 mm)
122763,8936000922733,Nghia export nagelhautzange c-02 jaw 12 (5 mm)
122764,8936000922740,Nghia export nagelhautzange c-02 jaw 14 (6 mm)
122765,8936000922832,Nghia export nagelhautzange c-03 jaw 12 (5 mm)
122766,8936000922870,Nghia export nagelhautzange c-04 jaw 12 (5 mm)
122767,8936000922887,Nghia export nagelhautzange c-04 jaw 14 (6 mm)
122768,8936000922900,Nghia export nagelhautzange c-05 jaw 12 (5 mm)
122769,8936000922931,Nghia export nagelhautzange c-06 jaw 12 (5 mm)
122770,8936000922979,Nghia export nagelhautzange c-07 jaw 12 (5 mm)
122771,8936000922986,Nghia export nagelhautzange c-07 jaw 14 (6 mm)
122772,8936000923006,Nghia export nagelhautzange c-08 jaw 12 (5 mm)
122773,8936000923136,Nghia export nagelzange n-03 full jaw
122774,8936000923143,Nghia export nagelzange n-04 full jaw
122775,8936000923150,Nghia export nagelzange n-05 full jaw
122776,8936000923167,Nghia export nagelzange n-07 full jaw
122777,8936000923433,Nghia export pinzette t-01 rot
122778,8936000923471,Nghia export pinzette t-02
122779,8936000923488,Nghia export pinzette t-03
122780,8936000923495,Nghia export pinzette t-04
122781,8936000923501,Nghia export pinzette t-05
122782,8936000923518,Nghia export pinzette t-06
122783,8936000923525,Nghia export pinzette t-07
122784,8936000923532,Nghia export pinzette t-08
122785,8936000923549,Nghia export pinzette t-09
122786,8936000923365,Nghia export Augenbrauenschere es-01
122787,8936000923389,Nghia export Augenbrauenschere es-03
122788,8936000923396,Nghia export Augenbrauenschere es-04
122789,8936000923402,Nghia export Augenbrauenschere es-05
122790,8936000923556,Nghia export nagelknipser nc-01
122791,8936000923563,Nghia export nagelknipser nc-02
122792,8936000923570,Nghia export nagelknipser nc-03
122793,8936000923587,Nghia export nagelknipser nc-04
122794,8936000923259,Nghia export metall-nagelhautschieber p-01
122795,8936000923266,Nghia export metall-nagelhautschieber p-02
122796,8936000923273,Nghia export metall-nagelhautschieber p-03
122797,8936000923280,Nghia export metall-nagelhautschieber p-04
122798,8936000923297,Nghia export metall-nagelhautschieber p-05
122799,8936000923303,Nghia export metall-nagelhautschieber p-06
122800,8936000923310,Nghia export metall-nagelhautschieber p-07
122801,8936000923327,Nghia export metall-nagelhautschieber p-08
122802,8936000923334,Nghia export metall-nagelhautschieber p-09
122805,8936000923594,"Nghia export spot-swirl stift für nageldesign 1,2/1,5"
122806,8936000910389,Nghia export werkzeugset für maniküre md-33
122807,8936000922467,Omi pro-line nagel(haut)zange ab-202 acrylic nail nippers full jaw boxjoint
122828,5906717411533,Silikonschale s
122843,8936000919856,Nghia evo nagelhautzange 07 jaw 14 (6 mm)
122902,5906717411816,Einweg-bh weiss 10 st.
122969,5906717412080,Badeschuhe frotte weiss
122972,5906717412097,Fussschalter für kosmetikliege azzurro 4 motoren
123029,5906717412172,Untersatz für fräser k38 und mini cro
123097,8936000923426,Nghia export pinzette t-01 braun
123098,8936000923440,Nghia export pinzette t-01 blau
123099,8936000923457,Nghia export pinzette t-01 grün
123145,8936000922894,Nghia export nagelhautzange c-04 jaw 16 (7 mm)
123146,8936000922993,Nghia export nagelhautzange c-07 jaw 16 (7 mm)
123147,8936000922924,Nghia export nagelhautzange c-05 jaw 16 (7 mm)
123148,8936000922955,Nghia export nagelhautzange c-06 jaw 16 (7 mm)
123180,5907522870621,Nierenschale aus kunststoff 28cm (1000ml)
123191,5906717412462,Snippex nagelhautschieber 884
123193,5906717412486,Snippex nagelhautschieber 886
123194,5906717412493,Snippex nagelhautschieber 887
123195,5906717412509,Snippex nagelhautschieber 888
123196,5906717412516,Snippex nagelhautschieber 889
123197,5906717412523,Snippex wimpernpinzette geknickt 705
123202,5906717412578,Snippex wimpernpinzette gerade 710
123205,5906717412608,Snippex wimpernpinzette geknickt 713
123206,5906717412615,Snippex augenbrauenpinzette schräg color
123362,5906717412943,"Saeyang Kabel für Kopf Marathon SDE-H20, SDE-H37L"
123402,5906717413032,Kopf für fräser JD500 / JD700 / Sprint 48 basic / Activ Power N20
123498,5906717413162,Sofi lashes spiegel für wimpern
123511,5906717413186,Paraffingerät am-8009 265w set max
123537,5906717413193,Silikonschale xs
123538,5906717413209,Silikonschale xxs
123546,5906717421167,Rollen-set für stühle basic 4 st.
123557,5906717413216,Spa-kosmetikliege azzurro 838 4 motoren mit heizung
123576,5906717413223,Momo J-23 Kassette Staubabsorber
123577,5906717413230,Kassettenfilter für staubabsaugung momo j23 weiss
123581,5906717413278,Kassettenfilter für staubabsaugung momo j29/j31 weiss
123582,5906717413285,Kassettenfilter für staubabsaugung momo j29/j31 schwarz
123632,5906717413599,"Ultraschallreiniger acd-4830 kap. 3,0l 150w"
123737,5906717413711,Tisch-lupenleuchte elegante 602760 led smd 5d
123738,5906717413728,Tisch-lupenleuchte 6028 60 ledsmd 5d mit einstellbarer lichtintensität
123739,5906717413735,Werkstattlampe led elegante801-s mit schraubstöckchen standard
123740,5906717413742,Werkstattlampe led elegante801-l mit schraubstöckchen mit einstellbarer lichtintensität
123741,5906717413759,Werkstattlampe led elegante801-tl mit schraubstöckchen mit einstellbarer lichtintensität und lichtfarbe
123744,5906717413780,Werkstattlampe led elegante801-tl mit untersatz mit einstellbarer lichtintensität und lichtfarbe
123745,5906717428388,Lupenleuchte elegante 6027 60 led smd 5d mit stativ
123746,5906717430480,Lupenleuchte elegante 6028 60led smd 5d mit stativ mit einstellbarer lichtintensität
123758,5906717413834,Nagelfräser escort ii pro weiß
123761,5906717428173,Hydraulische kosmetikliege a 210 grau
123785,5906717413988,Gabbiano friseurhocker a450 schwarz
123792,5906717414039,Gabbiano friseurwagen 8-76
123793,5906717414046,Gabbiano friseurwagen 8-139
123807,5906717414183,Kosmetikwagen 084 weiss
123809,5906717414206,Kosmetik-gerätewagen 003
123810,5906717414213,Kosmetik-gerätewagen 082
123811,5906717414220,Kosmetik-gerätewagen 083
123839,5906717414282,Kosmetikhocker für pediküre basic 304p weiss
123876,5906717414299,DENSON ACDS-100 Ultraschall-Reinigungskappe. 0.6 L 50W Weiß
123878,5906717414312,"Ultraschallreiniger acds-300 kap. 0,8l 60w"
123899,5906717421983,Syis gerät dermo lift&peel skin scrubber goldspatel + kosmetika syis
123900,5906717421945,Syis - microneedle pen / stift 05 silver + kosmetika syis
123999,5906717414343,Spa-kosmetikliege azzurro 805 1 motoren vwenge/latte mit heizung
124103,5906717414398,Kosmetik-gerätewagen 050
124240,5906717414794,"Fußantrieb für Azzurro Kosmetikstuhl, 3 Motoren, Bogen"
124241,5906717414800,FROTTEE GRAU
124242,5906717414817,FROTTEEBEZUG FÜR HOCKER GRAU
124244,5906717414831,KOSMETIKBAND FROTTEE GRAU
124245,5906717414848,Umhang frotte hellgrau nr. 29
124512,5906717415388,Saeyang kopf mh24 für fräser combi 24 silber
124513,5906717415401,Saeyang kopf mh24 für fräser combi 24 schwarz
124514,5906717415395,Saeyang kopf mh24 für fräser combi 24 rot
124517,8936000923075,Nghia export nagelhautzange c-36jaw 12 (5 mm)
124518,8936000923105,Nghia export nagelhautzange c-37 jaw 12 (5 mm)
124519,8936000923037,Nghia export nagelhautzange c-37 jaw 14 (6 mm)
124534,5906717405891,Gabbiano trockenhaube mitwandarm dii-301w 2 geschwindigkeitenschwarz
124577,5906717414978,Rollwagen für autoklav
124579,5906717414985,Kosmetikhocker 1025 grau giovanni
124625,7610558010555,Valera haartrockner vanity performance royal blue
124626,5906717415098,Elektrische kosmetikliege azzurro 708a 4 motoren grau beheizbar
124627,5906717415104,Elektrische kosmetikliege azzurro 708a 4 motoren weiss beheizbar
124670,5906717415128,Fussschalter für kosmetikliege azzurro 4 motoren
124695,5906717416002,Lupenleuchte led s4 + stativ led mit einstellbarer lichtintensität
124697,5906717416026,Friseurwaage s-2000
124706,5906717415180,Wasserdestillationsgerät inox
124716,5906717415845,Werkstattlampe led elegante801-l mit stativ mit einstellbarer lichtintensität
124717,5906717415838,Werkstattlampe led elegante801-s mit stativ standard
124718,5906717415821,Werkstattlampe led elegante801-tl mit stativ mit einstellbarer lichtintensität und lichtfarbe
124719,5906717415203,Gabbiano barberstuhl francesco schwarz
124724,5906717415258,Friseurstuhl Gabbiano Florence schwarz
124727,5906717429811,Gabbiano friseurbedienplatz b058
124834,5906717415548,Tattoo arm/fussstütze pro ink 709 schwarz
124838,5906717415579,Beistellwagen tattoo pro ink 702 schwarz
124840,5906717415593,Beistellwagen tattoo pro ink 716 schwarz
124847,5906717415609,Beistellwagen tattoo pro ink 1040a schwarz
124962,5901810003517,Apis Hyaluron 4d + Ligost tm 30 ml
124964,5901810003500,Apis Hyaluron 4d 30ml
125085,5906717417849,Exo fräser hard blue kegel gerade 01
125086,5906717417856,Exo fräser hard blue kegel 02
125087,5906717417863,Exo fräser hard blue kegel gerade 03
125088,5906717417870,Exo fräser hard blue kegel 05
125089,5906717417887,Exo fräser hard blue kegel 06
125090,5906717417894,Exo fräser hard blue kegel 07
125145,5906717415852,Wachs-heizgerät iwax 500ml 100w
125378,5906717416965,Gabbiano barberstuhl Ernesto schwarz
125382,5906717417009,Gabbiano barberstuhl amadeo schwarz
125390,5906717417061,Gabbiano barberstuhl paulo schwarz
125393,5906717417092,Barberstuhl Gabbiano Rufo braun
125472,5906717418037,Exo fräser rainbow abgerundeter zylinder 13
125473,5906717418044,Exo fräser rainbow abgerundeter zylinder gekerbt 14
125474,5906717418051,Exo fräser rainbow kegel 15
125475,5906717418068,Exo fräser rainbow kegel gerade 16
125519,5906717417245,Papier für den drucker für autoklav lafomed classic
125520,5906717417252,"Papier für den drucker für autoklav lafomed comfort, premium, woson"
125600,5906717417306,Spa-kosmetikliege azzurro wood 815b grey mit beleuchtung beheizbar
125620,5906717417313,KOSMETIKHOCKER 304 GRAU
125823,5906717414497,Gerät elegante 878 3in1 plus mikro+ vacuum + ultraschall + spray
125848,5906717400964,Socken frotte 2 st.
125867,5906717418426,Gabbiano friseurwagen fx11-b black
125868,5906717418433,Gabbiano friseurwagen fx11-2 black
125869,5906717418440,Gabbiano friseurwagen fx11-a black
125870,5906717418457,Gabbiano friseurwagen fx11-5 black
125871,5906717418464,Gabbiano friseurwagen ft65 black/white
125877,5906717418525,Gabbiano friseurwagen ft65-a black
125879,5906717418549,Gabbiano friseurwagen fx11e black
125880,5906717418556,Gabbiano friseurwagen fx11f black
125885,5906717418594,Beistellwagen / kosmetikhocker für pediküre 16 plus black/white
125894,5906717418624,Gabbiano friseur-waschbecken tragbar mit behälter ft42-1
125895,5906717418631,Gabbiano friseur-waschbecken tragbar ft35
125896,5906717418648,Gabbiano friseur-waschbecken tragbar mit behälter ft35-1
125907,5906717417481,Elektrische kosmetikliege SILLON lux 273b + hocker 304 Weiß
125921,5906717417498,Gabbiano friseurbedienplatz mit rollen zweiseitig ra-005
125922,5906717422317,Höhenverstellbare fussbadewanne für pediküre comfort mit rollen
125925,5906717417504,Hair system friseur-waschbecken c38 schwarz
125927,5906717418723,Wandhalterung für haartrockner fx24
125928,5906717418730,Wandhalterung für haartrockner fx64
125936,5901810004095,apis feuchtigkeitsspendendes Gesichtswaschgel mit Hyaluronsäure 300ml
125938,5901810004101,"Apis Mischung von Säuren 40% Lacto. + proro. + Milch. + Azel, 50 ml"
125939,5901810004125,"Apis-Mischung von Säuren 40%, Phytic + Progron. + Milchsäure + Ferul 50ml"
125953,5906717418747,FROTTE SCHWARZ
125954,5906717418754,FROTTEEBEZUG FÜR HOCKER SCHWARZ
125958,5906717404931,Nadelpatronen 10 st. Für microneedle pen-a 12 nadeln
125969,5906717417603,Kessner glätteisen ionic 230°c
125992,5906717417672,OCHO NAILS Cleaner erdbeeren 100ml mit zerstäuber
125993,5906717417689,Cleaner erdbeeren 1000ml
125994,5906717417665,Cleaner erdbeeren 500ml
126058,5906717417771,Spatel weiss sp-06 215mm
126059,5906717417788,Spatel weiss sp-05 5 st. 150mm
126060,5906717417795,Komprimierte einweg-vliesmaske 10 st.
126070,5906717418853,Kosmetikhocker am-312 schwarz
126117,5906717419027,Nagelfräser Exo Silent SX7 - Bürstenlos
126134,5906717419072,Hair system friseurwagen 8-5
126136,5906717419225,Gabbiano rezeption q-0333
126175,8936000923082,Nghia export nagelhautzange c-36 jaw 14 (6 mm)
126179,5906717419171,Beinauflage für pediküre 108 weiss
126241,5906717419300,All4med autoklav-sterilisationsbeutel 57mm x 100 mm 200 st.
126242,5906717419317,All4med autoklav-sterilisationsbeutel 90mm x 135 mm 200 st.<br><br>
126243,5906717419324,All4med autoklav-sterilisationsbeutel 100mm x 230 mm 200 st.
126244,5906717419331,All4med autoklav-sterilisationsbeutel 135mm x 250 mm 200 st.
126245,5906717419348,All4med autoklav-sterilisationsbeutel 90mm x 230 mm 200 st.
126248,5906717419355,All4med autoklav-sterilisationsbeutel 190mm x 330 mm 200 st.
126249,5906717420887,Fussbadewanne mit rollen chrom
126262,5906717420764,Saeyang Nagelfräser marathon eco 450 + sh37ln
126276,5906717419416,Exo schleifkappe 10mm/60 10 st. Hard cap white
126277,5906717419423,Exo schleifkappe 10mm/60 100 st. Hard cap white
126278,5906717419430,Exo schleifkappe 10mm/60 500 st. Hard cap white
126279,5906717419447,Exo schleifkappe 10mm/80 10 st. Hard cap white
126280,5906717419454,Exo schleifkappe 10mm/80 100 st. Hard cap white
126281,5906717419461,Exo schleifkappe 10mm/80 500 st. Hard cap white
126282,5906717419478,Exo schleifkappe 10mm/150 10 st. Hard cap white
126283,5906717419485,Exo schleifkappe 10mm/150 100 st. Hard cap white
126284,5906717419492,Exo schleifkappe 10mm/150 500 st. Hard cap white
126285,5906717419508,Exo schleifkappe 10mm/220 10 st. Hard cap white
126286,5906717419515,Exo schleifkappe 10mm/220 100 st. Hard cap white
126287,5906717419522,Exo schleifkappe 10mm/220 500 st. Hard cap white
126288,5906717419539,Exo schleifkappe 13mm/60 10 st. Hard cap white
126289,5906717419546,Exo schleifkappe 13mm/60 100 st. Hard cap white
126290,5906717419553,Exo schleifkappe 13mm/60 500 st. Hard cap white
126291,5906717419560,Exo schleifkappe 13mm/80 10 st. Hard cap white
126292,5906717419577,Exo schleifkappe 13mm/80 100 st. Hard cap white
126293,5906717419584,Exo schleifkappe 13mm/80 500 st. Hard cap white
126294,5906717419591,Exo schleifkappe 13mm/150 10 st. Hard cap white
126295,5906717419607,Exo schleifkappe 13mm/150 100 st. Hard cap white
126296,5906717419614,Exo schleifkappe 13mm/150 500 st. Hard cap white
126297,5906717419621,Exo schleifkappe 13mm/220 10 st. Hard cap white
126298,5906717419638,Exo schleifkappe 13mm/220 100 st. Hard cap white
126299,5906717419645,Exo schleifkappe 13mm/220 500 st. Hard cap white
126314,5906717420788,Saunahaube mit stativ weiss mit aktivem ozon
126341,5906717419805,Gabbiano friseurstuhl bergen schwarz
126379,5906717419997,Hair system friseurstuhl hs02 schwarz
126381,5906717420016,Hair system friseurstuhl hs33 schwarz
126383,5906717420030,Hair system friseurstuhl hs92 schwarz
126388,5906717420085,Hair system friseurstuhl hs40 schwarz
126389,5906717420092,Hair system friseurstuhl hs69 schwarz
126397,5906717420894,Fussbadewanne mit rollen weiss
126453,5906717430473,Lupenleuchte elegante 6025 60 led smd 5d black mit stativ
126469,5906717420450,Gabbiano barberstuhl boss old leather hellbraun
126477,5906717420498,Elektrische massageliege azzurro 684 1 motor schwarz
126478,5906717420504,Spa-kosmetikliege azzurro 815b white mit beleuchtung beheizbar
126502,5906717420597,Kosmetikwagen podologie 601 weiss
126503,5906717420696,Hydraulische kosmetikliege basic 210 weiss
126607,5901810004521,apis api-podo Fußweichmachergel mit Harnstoff 30% 500ml
126609,5901810004538,apis api-podo Fußreinigung Peeling 700g
126765,5906717422331,Kosmetikwagen hs09 weiss
126766,5906717422348,Kosmetikwagen hs09 holz - weiss
126767,5906717422355,Woson-Luftfilter für Autoklaven
126768,5906717422362,Lafomed-Luftfilter für Autoklaven
126771,5906717422379,Woson-Ablaufschlauch für Autoklaven
126777,5906717422416,Beinauflage für pediküre am-5012c schwarz
126778,5906717422423,Woson Silikondichtung für Autoklaven 8 L Grau 11 mm
126998,5906717422690,Fussbadewanne-schüssel mit massagerollen lich
126999,5906717422706,Fussbadewanne-schüssel white lich
127256,5904512092773,Einweghaube clip 100 st. Weiss
127300,5901810004590,"apis good life regenerierendes Öl für Nagelhaut und Nägel mit Vitamin E, 30 ml"
127657,6956540103319,Codos schnurlose haarschneidemaschine chc-331 für konturen
127660,6956540109182,Codos schnurlose haarschneidemaschine chc-918
127663,6956540109809,Codos schnurlose haarschneidemaschine chc-980
127739,5906717423437,"Stellantrieb für Sitze 210, 234, Imperial, Royal"
128277,5906717426001,SAEYANG Fräskopf  M40ES ZUM MARATHON FRÄSER
100133,5906717400124,Instrumentensterilisator
100080,8421421410131,Depilflax post epil öl 500ml
100458,9003877907060,Gel henna refectocil 3 braun
100994,5906717452666,OCHO NAILS Staubfreie tupfer 500 st.
100829,5906717401466,Chrom-guillotine
100287,5906717400209,Umhang frotte weiss nr. 1
100127,8421421900397,Depilflax enthaarungswachs rolle 110g natural
100799,5906717401404,Flasche mit pumpe chrom chrom 180ml farben-mix
100118,8421421900410,Depilflax enthaarungswachs rolle für gesicht azulen 110g
100461,9003877907008,Gel henna refectocil 2 blau-schwarz
100346,5906717400384,KOSMETIKBAND FROTTE WEISS
100857,5906717401541,Maniküreschale white
100117,8421421900380,Depilflax enthaarungswachs rolle azulen 110g
100307,5906717400308,Glas clear
100638,8421421432362,Depilflax paraffin 500g lemon
100459,9003877906940,Gel henna refectocil 1 schwarz
100383,5906717400643,FROTTEEBEZUG FÜR HOCKER WEIß
100460,9003877906971,Gel henna refectocil 1.1 graphit
100072,5906717400063,Enthaarungsstreifen rolle 50m
100113,8421421900625,Depilflax enthaarungswachs dose 500ml natural
100431,5907457951464,Kosmetisches einweg-papiertuch weiss
100070,5906717400049,Enthaarungsstreifen 20 st.
100073,5906717400070,Wachsentferner
100089,5906717400100,Wachs-heizgerät roll-on mono 40w
100088,5906717400094,Wachs-heizgerät roll-on duo 80w
100128,8421421900434,Depilflax enthaarungswachs rolle olive 110g
100083,8421421410124,Depilflax prepil gel 500ml
100066,5906717418365,Depilflax wachsdosenflansch 10 st.
100992,5906717401947,Nagelbürste
100077,8421421410148,Depilflax lotion nach enthaarung 500ml
100881,5906717401558,Gummiträger 13mm
100111,8421421900632,Depilflax enthaarungswachs dose 500ml azulen
100764,5906717401312,Kosmetikhocker am-304 weiss
100889,5906717401589,Stahl-omega-hobel
100324,5906717400346,Spoon uny komedonenquetscher u-24
100071,5906717400056,Enthaarungsstreifen rolle 100m mit reisslinie
100653,5906717401022,Gerät mikrodermabrasion am60
100305,5906717400292,Aufsätze für mikrodermabrasion set
100884,5906717401572,Stahlträger klein nr. 4
100524,5906717401008,Folie für körperbehandlungen 300m
100102,8421421900342,Depilflax hartwachs ohne streifen zur haarentfernung 1kg azulen
100108,8421421900304,Depilflax hartwachs ohne streifen zur haarentfernung 1kg natural
100272,5906717400162,Einweghandtücher für kosmetische behandlungen 20 st. 70x40 cm weisse welle
100637,8421421800055,Depilflax paraffin 500g karite
100400,5906717400735,FROTTEE WEIß
100417,5906717400834,FROTTEE GELB
100413,5906717400827,FROTTEE ROSA
100401,5906717400742,FROTTEE WEINROTE
100407,5906717400780,FROTTEE BLAU
100406,5906717400773,FROTTE VIOLETT
100715,5906717401183,Hydraulische kosmetikliege a 234 weiss
100716,5906717401190,Hydraulische kosmetikliege a 234c pedi weiss
100411,5906717400810,FROTTEE CREME
100403,5906717400766,FROTTE BEIGE
100361,5906717400469,KOSMETIKBAND FROTTEE GELB
100357,5906717400452,KOSMETIKBAND FROTTEE ROSA
100355,5906717400445,KOSMETIKBAND FROTTEE CREME
100353,5906717400438,KOSMETIKBAND FROTTEE BLAU
100352,5906717400421,KOSMETIKBAND FROTTEE VIOLETT
100349,5906717400414,KOSMETIKBAND FROTTEE BEIGE
100347,5906717400391,KOSMETIKBAND FROTTEE WEINROTE
100384,5906717400650,FROTTEEBEZUG FÜR HOCKER WEINROTE
100394,5906717400711,Bezug frotte für kosmetikhocker rosa nr. 10
100389,5906717400681,FROTTEEBEZUG FÜR HOCKER VIOLETT
100386,5906717400674,FROTTEEBEZUG FÜR BEIGE HOCKER
100297,5906717400278,Umhang frotte rosa nr. 10
100432,5907457931466,Kosmetisches einweg-papiertuch violett
100433,5907457921467,Kosmetisches einweg-papiertuch blau
100437,5907457961463,Kosmetisches einweg-papiertuch lachsfarben
100435,5907457911468,Kosmetisches einweg-papiertuch limonengrün
100434,5907457971462,Kosmetisches einweg-papiertuch rosa
100436,5907457941465,Kosmetisches einweg-papiertuch gelb
100295,5906717400261,Umhang frotte cremefarben nr. 44
100290,5906717400230,Umhang frotte beige nr. 25
100392,5906717400704,FROTTEEBEZUG FÜR HOCKER CREME
100714,5906717401176,Hydraulische kosmetikliege a 210c pedi weiss
100402,5906717400759,FROTTEE BRAUN
100769,5906717401329,Kosmetikhocker am-302 weiss
101365,5906717402364,Einbau-Staubabsorber  Momo S-41 weiß
101338,5906717402258,Nagelfräser marathon combi 24 silver
100861,8936000922863,Nghia nagelhautzange d-03
100865,8936000922962,Nghia nagelhautzange C-07
100755,5906717401282,Kosmetikwagen typ 1014 giovanni
100146,5906717400148,Ultraschallreiniger Denson UC-002
101345,5906717402296,Saeyang Nagelfräser Marathon 3 Champion white + H200
101354,5906717402357,SAEYANG MARATHON MULTI 600 DENTAL MIKROMOTOR Nagelfraser + BM50S1
101347,5906717402302,Nagelfräser marathon handy 700 2in1*
100808,5906717401411,Filter für nagelfräser mit absaugung 1 st.
100763,5906717401305,Kosmetikhocker 1025 weiss giovanni
100882,5906717401565,Gummiträger 7 mm
100973,5906717401916,Acryl-fräserständer
100778,5906717401336,"Saeyang Kopf sde-bm50s1 für Fräsgeräte Marathon Multi 600, Handy 700, Handy Eco"
100754,5906717401275,Kosmetikwagen typ 1015 giovanni
100333,5906717400360,Silikonschale l
100334,5906717400377,Silikonschale m
100954,5906717401824,Nagelfeile gerade big schwarz 80/100 1 st.
100709,5906717401121,Elektrische kosmetikliege lux schwarz
100782,5906717401343,Vakuummassageanzug weiß Größe L
101476,5906717424113,"Syis - Wimpern j 0,15 x 10 mm 0,25 g"
101479,5906717424144,"Syis - Wimpern j 0,20 x 10 mm 0,25 g"
101553,5906717424168,"Syis - Wimpern j 0,20 x 14 mm 0,25 g"
101565,5906717402388,Kosmetikwagen typ 1019
101566,5906717402395,Kosmetikwagen typ 1019a
101567,5906717402401,Kosmetikwagen typ 1031 giovanni
101568,5906717402418,Kosmetikwagen typ 1040a giovanni
101569,5906717402425,Kosmetikwagen typ 1013 giovanni
101634,5906717416101,FRÄSER-SET DBD-F 30 St.
101637,5906717402456,Kosmetikwagen typ 1041 giovanni
101638,5906717402463,Kosmetikwagen typ 1015a giovanni
101701,5906717402494,Gummiträger 10mm
101743,5906717402555,Hydraulische kosmetikliege a 210 schwarz
101837,5906717402654,Einweg-stringtanga 10 st.
101842,5906717416866,Syis Collagen pure 100% ampullen 10x3 ml
101843,5906717416873,Syis Verstärkungs- und linderungsampullen 10x3 ml
101844,5906717416880,Syis Befeuchtungs- und nährampullen 10x3 ml
102079,5906717415814,Syis ampullenöffner
102158,5906717421501,Haarentfernung-set katalonien
102159,5906717421495,Haarentfernung-set valencia
102182,5906717402869,Schreibtischleuchte slim led alu
103003,5906717402975,Paraffingerät 220w giovanni
103055,5906717424335,"Syis - wimpern c 0,20x 10mm 0.25g"
103515,5906717403019,Sterilisator uv-c blue
103589,5906717403026,Multifunktion-wachs-heizgerät 270w
103590,5906717403033,"Wachs-heizgerät dose 800ml, 200w"
103591,5906717403040,"Wachs-heizgerät dose 400ml,150w"
103594,5906717403071,Kugeln für sterilisator
103604,5906717421105,Set a paraffingerät 220w giovanni
103605,5906717421099,Set B paraffingerät 220W Giovanni
103606,5906717421082,Set c paraffingerät 220w giovanni
104094,5906717403200,Fussschalter für fräser pedi
104101,5906717403224,Kosmetikhocker 001b schwarz hoch
104129,5906717403279,Mikrofaser-handtuch 73x40cm 10 st. Weiss
104130,5906717403286,Mikrofaser-handtuch 73x40cm 10 st. Schwarz
104133,5906717403316,Friseurwaage
104145,5906717421259,Set kosmetikliege 210 +  lupenleuchte led s5 + kosmetikhocker 302
104148,5906717415999,Syis gerät dermo lift&peel skin scrubber goldspatel
104162,5906717421570,Haarentfernung-set tulpe
104241,5906717403415,Kosmetikhocker für pediküre 9266 weiss
104250,5906717403422,Paraffin 120g pfirsich
104259,5906717403439,Enthaarungsstreifen rolle 100m ohne reisslinie
104335,5905191041052,Einweg- baumwoll-separator 600 st.
104336,5906717403460,Einwegfolienbeutel für pediküre 50 st.
104382,5906717403491,Einweg-badeschuhe
104437,5906717403514,Glühbirne (leuchtstofflampe) 22w lupenleuchte s4
104445,5906717403521,Höhenverstellbare fussbadewanne für pediküre
104512,5906717421075,Set d paraffingerät 220w + 8 paraffine
104521,5906717403880,Wachs-heizgerät roll-on trio 120w
104551,5906717403989,Nageltisch Glass 013B mit staubabsaugung AM-8A weiss
104553,5906717404009,Nageltisch 011b wood mit staubabsaugung AM-8A
104606,5906717404023,Beinauflage für pediküre am-5012c
104781,5906717404153,Fussbadewanne-schüssel
104815,5906717418884,Dermaroller zur mesotherapie 0.25 mm 192 titannadeln
104816,5906717418891,"Dermaroller zur mesotherapie 0,3 mm 192 titannadeln"
104817,5906717418907,"Dermaroller zur mesotherapie 0,5 mm 192 titannadeln"
104818,5906717418914,"Dermaroller zur mesotherapie 0,75 mm 192 titannadeln"
104819,5906717418921,Dermaroller zur mesotherapie 1.0 mm 192 titannadeln
104820,5906717418938,Dermaroller zur mesotherapie 1.5 mm 192 titannadeln
104821,5906717418945,Dermaroller zur mesotherapie 2.0 mm 192 titannadeln
104883,5906717404177,Einweg-bademantel kurzer ärmel
104885,5906717404191,Einwegboxershorts für männer
104886,5906717404207,Einweg-herrenslips 5 st.
104914,5906717404221,Kosmetikhocker für pediküre mit aufbewahrungsfach
104917,5906717404245,Fussbadewanne weiss
105139,5906717404313,Enthaarungsstreifen 100 st.
105141,5906717404320,Einweg-vliesstoff-handtücher rolle 30cm x 50m
105257,5906717404344,Metall-hornhautfeile
105351,5906717404368,Ersatz-sandpapier 60 für metall-hornhautfeile 10 st.
105360,5906717404375,Einweg-vlieshandtuch für pediküre 50 st. 40x50cm
105372,5901810000004,apis hydro balance feuchtigkeitsspendendes Tonikum mit Meeresalgen 500ml
105373,5901810000790,Apis Akne-Stop antibakterielle Reinigung Tonic. mit grünem Tee 500ml
105375,5901810000080,apis hydro balance feuchtigkeitsspendende Lotion mit Meeresalgen 500ml
105376,5901810001018,Apis Akne-Stop antibakterielle Reinigungsmilch. mit grünem Tee 500ml
105388,5901810006464,apis couporose-stop algenmaske für couperose haut 250g
105390,5901810006471,Apis Akne-Stop-Algenmaske für zu Akne neigende Haut 250g
105397,5901810006501,Apis Express Lifting-Algenmaske mit Tens'up-Komplex 200 g
105405,5901810000882,apis adstringierende und glättende Maske mit weißem Ton und Zink 200ml
105406,5901810001117,apis Vertikutierungsmaske mit Leinsamen (unter dem Wapozon) 200ml
105407,5901810001704,apis maske lockert schmerzlose reinigung 200ml
105409,5901810000028,Apis Akne-Stop-Schwarzschlamm-Reinigungsmaske 200ml
105411,5901810000899,Apis Mineral Balance Maske intensiv feuchtigkeitsspendend 200ml
105412,5901810001094,Apis Couporose-Stop-Maske für Haut mit Gefäßproblemen 200ml
105421,5901810000288,Apis Express Lifting Intensive Tens Maske mit Tens'up 200 ml
105429,5901810001001,Apis Couperose-Stop-Serum für Haut mit Gefäßproblemen 100ml
105436,5901810002770,apis men terapis feuchtigkeitsspendendes Serum für Männer 100ml
105441,5901810000349,Apis Express Lifting Intensive Tens Serum mit Tens'up 100 ml  Fassungsvermögen: 100 ml
105446,5901810000387,Apis Express Lifting Augenfüllserum mit Tens'up 50 ml
105451,5901810000554,Apis Akne - Stop Konzentrat für Akne Haut 30ml
105459,5901810000424,Apis Express Lifting-Konzentrat strafft und glättet. mit Tens'up 30 ml
105467,5901810000745,apis ultra matte Mattierungscreme mit Hefeextrakt 100ml
105468,5901810000905,apis hydro balance sauerstoff- und feuchtigkeitsspendende Creme 100ml
105470,5901810000103,apis couperose -stop vitamincreme für couperose haut 100ml
105478,5901810000479,Apis Express Lifting Intensive Straffungscreme mit Tens'up 100 ml
105486,5901810000912,apis beruhigende Maske nach Behandlung mit Säuren 200ml
105487,5901810001711,Apis Hydro Balance Gel für Ultraschall intensiv feuchtigkeitsspendend 200ml
105496,5901810001063,Apis natürliche Sheabutter mit Arganöl. für Gesichtsmassage 100g
105498,5901810000486,Apis ein Tropfen Entspannung orientalische Gesichtsmassageöl 30ml
105507,5901810000585,apis intensive Feuchtigkeitscreme für trockene Haut 50ml
105696,5906717404399,Kosmetikhocker am-312 weiss
105815,5906717404412,Einwegwaschtücher für kosmetische behandlungen 100 st. Soft&scrub 20x25cm
105825,5906717404429,Ersatz-sandpapier 120 für metall-hornhautfeile 10 st.
106157,5906735706369,Barbicide geruchsspray zur desinfektion aller oberflächen - auffüllung 5l
106158,5906735706352,Barbicide geruchsloses spray zur desinfektion aller oberflächen - auffüllung 5l
106162,17922542112,Barbicide glasbehälter zur desinfektion 1100ml
106163,17922524118,Barbicide glasbehälter zur desinfektion 750ml
106164,17922504127,Barbicide glasbehälter zur desinfektion 120ml
106193,5906717404467,Schraubstöckchen für lupenleuchte
106320,5906717404610,Hochfrequenzstab für D'arsonval - Pilzelektrode
106480,5906717404627,Nagelfräser marathon mighty
106482,5906717404634,Tisch-lupenleuchte elegante 6025 60 led smd 5d
106496,5906717404641,Bedampfer azzurro 1106 sonia
106527,5906717428357,Lupenleuchte elegante 6025 60 led smd 5d mit Stativ
106528,5906717404665,Lupenleuchte elegante mini 30 led smd 5d
106670,5906717404757,Elektrische kosmetikliege azzurro 870s pedi 3 motoren weiss
100717,5906717401206,Hydraulische kosmetikliege  a 210 weiss
106638,5906717404702,Silikondichtung d 0007
106639,5906717404719,Silikondichtung d 0002
106644,5906717404726,Woson Silikondichtung für Autoklaven 12 L Grau 11 mm
106645,5906717404733,Silikondichtung d 0023+
106672,5906717404764,Gabbiano friseurhocker q-4599 weiss
106674,5906717404771,Beinauflage für pediküre azzurro 301 alu
106675,5906717404788,Schrank azzurro midi 970 weiss +
107650,5906717419256,Gabbiano rezeption q-0833
107658,5906717419201,Tattooliege pro ink 602 schwarz
109211,5906717405532,Gabbiano friseur-waschbecken helsinki schwarz
109212,5906717405549,Gabbiano friseur-waschbecken helsinki braun
109223,5906717405570,Gabbiano friseur-waschbecken amsterdam schwarz
109238,5906717405655,Friseurwaschbecke Gabbiano Ankara braun
112449,5906717406775,Gabbiano barberstuhl imperial schwarz
114486,5906717408755,GABBIANO WASCHSCHÜSSEL SCHWARZ
123468,5906717413124,Gabbiano friseurstuhl für kinder polizeiwagen b082
123762,5906717428180,Hydraulische kosmetikliege a 210c pedi grau
124833,5906717415531,Elektrische tattooliege pro ink 606 schwarz
124835,5906717415555,Tattoo arm/fussstütze pro ink 710 schwarz
125379,5906717416972,Gabbiano barberstuhl old ernesto schwarz
126180,5906717419188,Beinauflage für pediküre 117 weiss
126138,5906717419218,Tattoo fussstütze pro ink 711 schwarz
126467,5906717420443,Gabbiano barberstuhl boss braun
126479,5906717420511,Bügel für bezug für kosmetikliegen azzuro
126544,5906717420740,Seayang kopf sh300 für fräser marathon
126557,5906717420771,Wapozon Giovanni D-09 Weiß
126635,5906717420870,Gabbiano friseurstuhl florenz nussbaum schwarz
126684,5906717420986,Lupenleuchte led s5 + stativ led mit einstellbarer lichtintensität
126715,5906717421013,Gabbiano wartezimmersofa m021 schwarz
127153,5906717422911,Silikondichtung für autoklaven lafomed 8l
127154,5906717422928,Silikondichtung für autoklaven lafomed 12l
127155,5906717422935,Silikondichtung für autoklaven lafomed 18l und 23l
127602,5906717425950,Kabel für Marathon-Kopf MH24
128276,5906717425998,Saeyang Nagelfräser marathon handy eco +SDE-BS50S1 bürstenlos
128333,5906717426063,Kosmetikwagen hs05 weiss
127067,5906717422850,Griff für den Marathon Champion Nagelfräskopf
126391,5906717420115,Hair system friseur-waschbecken hsb46 schwarz
126392,5906717420122,Hair system friseur-waschbecken hsb07 schwarz
126714,5906717421006,Gabbiano wartezimmersofa bm18019 schwarz
126716,5906717421020,Gabbiano wartezimmersofa bm18003 schwarz
126889,8421421103934,Depilflax 100 wachsperlen film wax schwarz 1000g
126890,8421421103835,Depilflax 100 wachsperlen film wax azulen 1000g
128674,9003877904496,Refectocil application set mini rose gold
128135,5906717425967,Gabbiano friseur-waschbecken amsterdam schwarz/schwarze schale
126430,5906717420290,Kosmetikhocker roll speed am-880 weiss
126431,5906717420306,Kosmetikhocker roll speed am-880 szwarz hoch
127651,5906717423321,Lafomed Autoklav standard line lfss08aa (02) mit Drucker 8-l klasse-b medizinisch
127652,5906717423338,Lafomed Autoklav standard line lfss12aa (02) mit Drucker 12-l klasse-b medizinisch
127065,5906717422836,"Fussschalter für drehzahlregelung für fräser marathon n2, n7, k35 crafien"
127066,5906717422843,"Fussschalter für drehzahlregelung für fräser marathon handy 700, eco 450, escort ii pro"
130065,5906717429200,"Saeyang Kabel für Kopf Marathon SDE-H200, SDE-SH300S, SDE-SH30N, SDE-M33E, SDE-M40ES schwarz"
124710,5906717415142,Friseurstuhl Gabbiano Royal X schwarz
126708,5906717421037,Saeyang Nagelfräser marathon m4 lux white + sh20n
128136,5906717425974,Gabbiano friseur-waschbecken berlin schwarz/schwarze schale
130011,5906717429170,Klapp-schreibtisch tragbar activeshop
127928,5906717425707,Gabbiano Trockenhaube mit Stativ hood lx-201s 1 Geschwindigkeit schwarz
129953,4751034800055,Staubabsaugung x2s 65w professional weiss
123611,5906717413469,Gabbiano Friseur-Waschanlage Bergen schwarz
112502,5906717406935,Snippex feile für eingewachsene nägel 13cm
112489,5906717406812,Snippex nagelhautzange 10cm / 4mm
129549,5906717428470,"Vapozon-Glas für Mähdrescher 14in1, 27in1"
129150,5906717427770,Gabbiano Barberstuhl patrizio schwarz
126427,5906717420269,TATTOOLIEGE PRO INK 210H SCHWARZ
128656,5906717426582,Activ Power JD500 Elektrische Nagelfräser Weiß
128660,5906717426629,Activ Power JD700 Elektrische Nagelfräser Weiß
128661,5906717426636,Activ Power JD700 Elektrische Nagelfräser Schwarz
130584,5906717429699,Saeyang Nagelfräser Marathon k35 cube white + sh30n
131210,5906735706116,BARBICIDE Konzentrat zur Desinfektion von Instrumenten und Zubehör 500 ml
127631,5906717423291,Ring-Schreibtischleuchte LED Snake weiß
129074,5906717427435,Massageliege 812 basic weiß
127974,5906717425851,Snippex Rasiermesser Razor 115 Marmor
127975,5906717425868,Snippex Rasiermesser Razor 129 Holz
127976,5906717425875,Snippex Rasiermesser Razor 135 Stahl
128444,5906717426391,Lampe UV LED seashel 72w
128443,5906717426384,Kugelsterilisator Pro 100W
128448,5906717429835,Gabbiano Friseurbedienplatz b058 venge
128449,5906717429828,Gabbiano Friseurbedienplatz b058 perlen
128409,5906717426360,Hair System Barberstuhl new york schwarz Chrom
127411,5906717423000,Werkstattlampe led elegante 801-s mit Schraubstöckchen standard schwarz
128284,5906717426025,Werkstattlampe led elegante 801-l mit Schraubstöckchen einstellbarer Lichtstärke schwarz
128285,5906717426032,Werkstattlampe led elegante 801-tl mit Schraubstöckchen einstellbarer Lichtstärke und Lichtfarbe schwarz
127412,5906717423017,Lupenleuchte elegante 2014-2r 30 led smd 5d mit Stativ und Befestigungsklipp
130973,5906717430572,Saeyang Kabel für Kopf Marathon SH-300 für Fräskopf K38 Crafien mini
130615,5906717429668,Bedampfer Mini F-17
128137,5906717425981,Friseurwaschbecke Gabbiano Ankara schwarz mit schwarzem Schale
128922,5906717427275,Lupenleuchte s4 + Stativ schwarz
129977,7610558006862,Valera Haarglätter Swiss'x Agility Shine&Brush
129237,5906717428128,Gabbiano Hocker Florenz schwarz
129349,5906717428258,Kosmetikschreibtisch 310 weiß rechts
128923,5906717427282,Lupenleuchte s5 led + Stativ schwarz
128918,5906717427237,Gabbiano Infrarothaube Trockenhaube mit Wandarm 868a schwarz
128919,5906717427244,Gabbiano Infrarothaube Trockenhaube mit Stativ 868-1 schwarz
128954,5906717427398,"Ultraschallreiniger acd-7920 0,85 L 55W weiß"
128924,5906717427299,Gabbiano Saunahaube mit Stativ 658
131179,5906717430947,Kosmetikwagen Podologie Y-200 weiß
131525,5906717431326,Paraffin grün natural 200g
130976,5906717430596,Handtuchwärmer mit UVC-Sterilisator 16 L weiß
130977,5906717430602,Handtuchwärmer mit UVC-Sterilisator 16 L schwarz
130978,5906717430619,Handtuchwärmer mit UVC-Sterilisator 23 L schwarz
130979,5906717430626,Handtuchwärmer mit UVC-Sterilisator 23 L weiß
131030,5906717430848,Mini-Polierblock orange 50 St. prc
131016,5906717430701,Profi-Metallfußreibe fs-12
131027,5906717430817,Profi-Metallfußreibe fs-15
131017,5906717430718,Ersatz-Feilblätter für Metallreibe fs-12 10 St. Körnung 100
131028,5906717430824,Ersatz-Feilblätter für Metallreibe fs-15 10 St. Körnung 180
131018,5906717430725,Ersatz-Feilblätter für Metallreibe fs-12 10 St. Körnung 180
131029,5906717430831,Ersatz-Feilblätter für Metallreibe fs-15 10 St. Körnung 100
128920,5906717427251,Gabbiano Trockenhaube mit Stativ 1600 1 Geschwindigkeit weiß
131770,5901810005290,"Apis Couperose-Stop, Algenmaske 20g"
131771,5901810005283,apis detox entgiftende Algenmaske mit Bambuskohle und ionisiertem Silber 20g
132324,5907621809720,Adapter eu - uk
131184,5906717430961,Einweg-PE-Handschuhe 100 St. 6g 26x24 standard
130863,5906717430220,Gabbiano Barberstuhl dario schwarz
129113,5906717427572,Podologischer Arbeitswagen 984 grau
131772,5901810005276,"Apis Himbeerglühen, Algenmaske mit gefriergetrockneten Himbeeren 20g"
131774,5901810005269,"Apis Oxy O2, sauerstoffhaltige Algenmaske 20g"
130351,5906717429354,Koffer champion big case
130918,5906717430251,Armatur für Friseur-Waschanlage Chrom
130917,5906717430244,Handbrause für Friseur-Waschbecken
129143,5906717427701,Auftrageflasche mit Kamm für Haarfärbemittel Farbenmix
131418,5906717431173,Staubabsaugung Momo J403
132563,5906717433061,Polierblock violett 10 St. prc
129168,5906717427930,Barberschürze bb-05
129171,5906717427961,Barberschürze bb-16
130920,5906717430275,Kamm carbon antistatic 06600
130921,5906717430282,Kamm carbon antistatic 06700
130922,5906717430299,Kamm carbon antistatic 06819
130923,5906717430305,Kamm carbon antistatic 8180
130924,5906717430312,Kamm carbon antistatic 06100
130925,5906717430329,Kamm carbon antistatic 06923
130949,5906717430428,Kamm carbon antistatic 06969
129155,5906717427817,Friseurumhang j-04
129156,5906717427824,Friseurumhang j-05
129157,5906717427831,Friseurumhang j-06
129159,5906717427855,Friseurumhang j-08
129160,5906717427862,Friseurumhang j-17
129161,5906717427879,Friseurumhang j-51
129305,5906717428210,Friseurumhang j-19
129175,5906717428005,Friseurmaske Gesichtsschutzschild
129144,5906717427718,Haarfärbepinsel mit Kamm d-08 Silber
129176,5906717428012,Barbiermatte klein
129177,5906717428029,Barbiermatte mittelgroß
129178,5906717428036,Barbiermatte groß
129179,5906717428043,Barbiermatte Rasierklinge
130930,5906717430374,Staubentferner Staubpinsel Einhorn
130931,5906717430381,Staubentferner Staubpinsel Goldfisch
130932,5906717430398,Staubentferner Staubpinsel Fisch schwarz
130933,5906717430404,Staubentferner Staubpinsel Fisch violett-blau
129181,5906717428067,Glasbehälter für Instrumentendesinfektion q5b 800 ml
131579,5906717431371,Hair System Friseurstuhl hs202 schwarz
129137,5906717427657,Friseur-Sprühflasche Whisky Chrom A-10 500 ml
129139,5906717427664,Friseur-/ Barbier-Sprühflasche Silber A-12 300 ml
129140,5906717427671,Friseur-Sprühflasche Schädel 500 ml
129142,5906717427695,Friseur-Sprühflasche Kugel 200 ml
129147,5906717427749,Bartbürste Kardätsche h-63
129148,5906717427756,Bartbürste Kardätsche h-64
129149,5906717427763,Bartbürste Kardätsche h-69 mit Box
129145,5906717427725,Barbier-Nackenpinsel
130926,5906717430336,Haarbürste p-63
130927,5906717430343,Haarbürste O-13
129186,5906717428111,Barbier Talkumpuder-Zerstäuber
130994,5906717430664,Behandlungslampe led all4light lashes line 2 schwarz mit Halterung
130995,5906717430671,Behandlungslampe led all4light lashes line 2 silber mit Halterung
133093,5906717434877,Behandlungslampe led all4light lashes line 2 schwarz mit Stativ
133094,5906717434884,Behandlungslampe led all4light lashes line 2 silber mit Stativ
130993,5906717430657,Kasseten-Staubabsaugung zum Einbau Momo professionell J02 weiß
129184,5906717428098,WANDHALTERUNG FÜR HAARTROCKNER q96 Chrom
129185,5906717428104,WANDHALTERUNG FÜR HAARTROCKNER q97 Schwarz
131863,5906717431746,Holzspatel für Enthaarung Set 400 St.
130939,5906717430411,Enthaarungsstreifen 100 St. rosa iWAX
131419,5906717431180,Beutel für Staubabsaugung MOMO J403
131541,5906717431340,Hochfrequenzstab für D'arsonval - Löffelelektrode
131542,5906717431357,Hochfrequenzstab für D'arsonval - Kammelektrode
131543,5906717431364,Hochfrequenzstab für D'arsonval Kugelelektrode
131854,5906717431708,"Holzspatel klein 140x6x1,4mm - 100 St."
131860,5906717431722,Holzspatel mittelgroß 114x10x2mm - 100 St.
131861,5906717431739,Holzspatel groß 150x18x1.8mm - 150 St.
133091,5906717434860,Holzspatel groß 150x18x1.8mm - 50 St.
131870,5906717431777,Armatur für Friseur-Waschanlage Chrom
130226,5906717429279,Lafomed Autoklav lfss03aa touch mit Drucker 3 L Klasse B medizinisch
132695,5906717433450,Lafomed Autoklav lfss03aa lcd 3 L Klasse B medizinisch
131872,5906717431791,Handbrause für Friseur-Waschbecken schwarz
130975,5906717430589,Saeyang Nagelfräser Marathon Escort III White + h200
131681,5906717431500,Ultraschallreiniger Denson F6-B - 750 ml
131817,5906717431685,Gabbiano Friseurwagen 265 schwarz
131982,5906717431944,KOSMETIK-GERÄTEWAGEN 090
131987,5906717431999,Kosmetikhocker am-877 Schwarz
132090,5906717432224,"Kabel für Kopf marathon sde-h200,sde-sh300s, sde-sh30n sh20n weiß"
132791,5906717433955,Basic 202 Kosmetikliege mit Schubladen schwarz
133064,5906717434716,Friseurumhang j-05
131991,5906717432026,"DERMAROLLER ZUR MESOTHERAPIE ROSE GOLD 0,25mm 192 TITANNADELN"
131992,5906717432033,"DERMAROLLER ZUR MESOTHERAPIE ROSE GOLD 0,3mm 192 TITANNADELN"
131993,5906717432040,"DERMAROLLER ZUR MESOTHERAPIE ROSE GOLD 0,5mm 192 TITANNADELN"
131994,5906717432057,"DERMAROLLER ZUR MESOTHERAPIE ROSE GOLD 0,75mm 192 TITANNADELN"
131995,5906717432064,"DERMAROLLER ZUR MESOTHERAPIE ROSE GOLD 1,0mm 192 TITANNADELN"
131996,5906717432071,"DERMAROLLER ZUR MESOTHERAPIE ROSE GOLD 1,5mm 192 TITANNADELN"
131997,5906717432088,"DERMAROLLER ZUR MESOTHERAPIE ROSE GOLD 2,0mm 192 TITANNADELN"
132193,5906717432620,Abflussschlauch für Autoklaven Lafomed
131986,5906717431982,Kosmetikhocker am-877 Weiß
131989,5906717432019,Kosmetikhocker gold am-961 Schwarz
131988,5906717432002,Kosmetikhocker gold am-961 Weiß
129394,5906717428395,Kosmetikhocker am-302 Grau
132033,5906717432118,Kosmetikhocker am-312 Grau
128287,5906717426056,Ein schwarzes Stativ für die Lampe Elegante
130397,5906717429446,Gabbiano Friseur waschbecken Florenz schwarz
130398,5906717429453,Gabbiano Friseur waschbecken Florenz grau
133534,5906717436819,Gabbiano Friseur waschbecken Florenz nussbaum schwarz
131981,5906717431937,KOSMETIK-GERÄTEWAGEN 091
130823,5906717430183,Saunahaube mit Stativ grau mit aktivem Ozon
133538,5900117973387,Farmona Parfüm Hand & Körpercreme Schönheit 300ml
133539,5900117973394,Farmona Parfüm Hand & Körpercreme Glamour 300ml
133543,5900117973844,Farmona Schneckenreparatur aktive Verjüngungscreme mit Schneckenschleim 150ml
133547,5900117973264,farmona dermo schlanke intensive schlankheits- und straffende creme 500ml
133548,5900117973141,Farmona Algenmaske mit Vitamin C 500ml
133549,5900117973158,Farmona Algenmaske mit Hyaluronsäure 160 g
133559,5900117010020,farmona far-x aktives starkes Hebekonzentrat - Heimgebrauch 5x5ml
133561,5900117003350,Farmona Face Roller Aktivkonzentrat Anti-Aging für Mikronadel-Mesotherapie-Behandlungen 5x5ml
133562,5900117009284,Farmona Trycho Technologie Spezialist Haarstärkendes Shampoo 250ml
133564,5900117009338,Farmona Trycho Technologie Spezialist Kopfhaut Peeling 200ml
133565,5900117009345,Ampullen für Spezialisten der Farmona Trycho-Technologie zur Stärkung von geschwächtem und ausfallendem Haar 10x5 ml
133567,5900117098721,farmona pure icon Reinigungsmilch 500ml
133569,5900117098738,farmona pure icon feuchtigkeitsspendendes Tonikum 500ml
133570,5900117002704,farmona pure icon beruhigendes Tonikum 500ml
133571,5900117094082,Farmona Pure Icon Enzym Peeling 200ml
133574,5900117951576,farmona pure icon multifunktionales Mizellengel zur Gesichts- und Augen-Make-up-Entfernung 500ml
133581,5900117951521,Farmona Retin Gold goldene straffende und aufhellende Maske 200ml
133582,5900117951538,Farmona Retin Gold glättende und aufhellende Anti-Aging-Creme 150ml
133583,5900117951545,Farmona Retin Gold heben und beleuchten Augencreme 50ml
133585,5900117590034,farmona Augenkontur dermale Glättung dreifache Augencreme 30ml
133591,5900117007136,"Farmona Set aktiver Hautpflegekonzentrate (Derma Akne + * 2, Hydra Quest * 2, Amber Lavi * 2, Skalpell * 2, Dermacos * 2) 10x5ml"
133592,5900117002636,Farmona Neuro Lift + aktives Dermo-Lifting-Konzentrat 10x5ml
133595,5900117001547,Farmona Dermaacne + Birne Gesichtswaschgel 500ml
133596,5900117001561,Farmona Dermaacne + antibakterielles Tonikum 500ml
133597,5900117035122,farmona dermaacne + aktives normalisierendes Konzentrat 5x5ml
133599,5900117001011,farmona dermaacne + Lockerungsmaske 200ml
133600,5900117001028,farmona dermaacne + adstringierende Maske 200ml
133601,5900117001585,farmona dermaacne + mattierende Feuchtigkeitscreme 150ml
133602,5900117008003,farmona hydra quest aktives feuchtigkeitsspendendes konzentrat 10x5ml
133603,5900117098769,farmona hydra quest feuchtigkeitsspendende und straffende Massagecreme 280ml
133604,5900117001042,farmona hydra quest feuchtigkeitsspendende und straffende Maske 200ml
133605,5900117098790,farmona hydra quest intensive feuchtigkeitscreme 150ml
133607,5900117094198,farmona dermacos beruhigende und stärkende Maske 200ml
133608,5900117094112,Farmona Dermacos Kräftigungscreme für Couperose Haut 150ml
133617,5900117096444,Farmona Guarana schlankes Anti-Cellulite-Körperpeeling 600 g
133618,5900117096468,Farmona Guarana schlankes Anti-Cellulite-Massageöl 950ml
133619,5900117096451,Farmona Guarana schlanke Anti-Cellulite-Körpermaske 500ml
133620,5900117096475,Farmona Guarana schlanke Anti-Cellulite-Körperbutter 500ml
133622,5900117951590,Farmona Hände langsame Altersaufhellung und Anti-Aging-Paraffin-Handmaske 300ml
133626,5900117006993,"farmona Hände & Nägel Künstler Vitamin Balsam-Maske für Hände, Nägel und Nagelhaut 280ml"
133631,5900117094976,Farmona Hände reparieren feuchtigkeitsspendendes Handsorbet 500ml
133633,5900117001332,Farmona Samthände Hand Peeling 500 g
133634,5900117001349,Farmona Samt Hände Hand Crememaske 500ml
133635,5900117097281,Farmona exotische Maniküre Zucker Hand Peeling 300g
133637,5900117097267,farmona exotische Maniküre Regenerationscreme für Hände und Nägel 500ml
133639,5900117093627,farmona nivelazione mineralisches Fußbadesalz 1250 g
133640,5900117093634,farmona nivelazione Fußpeeling 500ml
133641,5900117093825,farmona nivelazione weichmachende Fußmaske 500ml
133642,5900117093610,farmona nivelazione erfrischende Fußcreme 500ml
133643,5900117097229,farmona glatte Füße Grapefruit Fußbadesalz 1250 g
133644,5900117097236,Farmona glatte Füße Grapefruit Fußpeeling 500 g
133645,5900117097250,farmona glatte Füße feuchtigkeitsspendende Fußcreme 500ml
133647,5900117012345,Farmona podologische Säure stark weichmachendes Fußbadesalz mit Aha- und Bha-Säuren 1250 g
133648,5900117012338,Farmona Podologic Säure Peeling Fußgel 75ml
133649,5900117098936,farmona podologic Kräuter intensiv weichmachender Fußschaum 165ml
133650,5900117098929,farmona podologic Kräuter weichmachende Fußbad Perlen 800g
133651,5900117098905,Farmona podologisches Kräuterfußpeeling 500ml
133652,5900117098851,farmona podologic Kräuter regenerierende Fußcreme 500ml
133653,5900117098868,Farmona Podologisches Lipidsystem Cremepflaster für Hornhaut 500ml
133654,5900117098974,Farmo podologisches Lipidsystem hypoallergene Salbe für rissige Füße 75ml
133655,5900117001134,farmona podologic fitness antibakterielles Fußbadesalz mit Silberionen 1250 g
133656,5900117001370,Farmona Podologic Fitness Fußpeeling mit Silberionen 500 g
133657,5900117001226,Farmona Podologic Fitness antibakterielle Fußcreme mit Silberionen 500ml
133674,5900117069936,"farmona Hände & Nägel Künstler Vitamin Balsam-Maske für Hände, Nägel und Nagelhaut 50ml"
134271,5900117973851,Farmona Expert Wimpern Schaum Shampoo zur Reinigung von Gesicht und Wimpern 100ml
134272,5900117973868,farmona Experte Wimpern Gesichtsreinigungsschaum 150ml
126603,5906717420900,Led-lampe für wimpern und make-up polluks iv typ msp-mj-02 black edition mit fernbedienung
105881,5901810041663,"Apis Optima, Bade- und Duschlotion mit Mineralien aus dem Toten Meer, 1l"
133717,5901810004279,Apis Hyaluron 4d mit Snap-8-Peptid 30 ml
133721,5901810004552,"Apis Couperose Stop, Tonikum für Couperose Haut mit Acerola, 500 ml"
133722,5901810005016,"Apis Akne-Stop-Heimtherapie, Milch, 300 ml"
133727,5901810004347,"apis Nachtfieber feuchtigkeitsspendende Handpflegecreme, 300 ml"
133728,5901810004361,"Apis Nachtfieber beleuchtende Körperlotion, 300 ml"
134937,7610558012832,Valera Welleisen Frise
132523,5906717433009,Halterung für Einwegbetttuch Komfort
132453,5906717432880,Einbau-Staubabsorber Momo S-41 Chrom
132455,5906717432903,Einbau-Staubabsorber Momo S-41 schwarz
131780,5906717431562,Gabbiano Barberstuhl boss old leather schwarz
129327,5906717428234,Gerät Elegante Platinum T8 Anti-Aging & Body-Shaping System
132080,5906717432156,Kosmetikschreibtisch 310 weiß links
131508,5906717431272,Fußbadewanne mit Rollen für Pediküre Chrom
131510,5906717431296,Fußbadewanne mit Rollen für Pediküre weiß
132085,5906717432200,Filter für Schreibtisch-Staubabsaugung 310 und 312
133026,5906717434648,Fußschalter für Kosmetikliegen Kate und Basic 4 Motoren
133036,5906717434709,Gabbiano Friseur-Saunahaube jy-150
126885,5906717422454,Fußpflegestuhl Pediküre hilton creme
126886,5906717422461,Fußpflegestuhl Pediküre hilton schwarz
132746,5906717433535,"Ultraschallreiniger acd-7920 0,85 L 55W schwarz"
134959,5900117974803,Farmona Parfüm Hand & Körper Creme Gold 300ml
132661,5906717433405,Gabbiano Styling-Stuhl gold bologna schwarz
132990,5906717435270,Gabbiano Friseurbedienplatz mit Waschbecken b085 schwarz
133212,5906717435393,codos Aufsätze für Haarschneidemaschinen chc-331
133213,5906717435409,codos Aufsätze für Haarschneidemaschinen codos chc-980
133214,5906717435416,"codos  Aufsätze für Haarschneidemaschinen chc-918, chc-919 und t9"
132163,5906717432422,Gabbiano Empfangstheke pearl weiß
131930,5906717431890,activ power Nagelfräser tragbar jd308
132167,5906717432460,Gabbiano Friseur waschbecken vigo schwarz
132172,5906717432514,Gabbiano Friseurstuhl vigo schwarz
132168,5906717432477,Gabbiano Barber-Waschanlage Simone schwarz
131859,5906717431715,Elektrische Massageliege Azzurro 819a 3 Motoren weiß
132889,5906717434167,Nagelfräser mit Absaugung Exo Supernova
105485,5901810000127,Apis neutralisationsgel (kühlungsgel) 200ml
132562,5906717433054,Mini-Polierblock grau 50 St. prc
132856,5906717434136,Elektrische Kosmetikliege Podologie Kate 4 Motoren weiß
135034,5906717437717,Ersatzdüsen für Munddusche iFanze
135182,5906717438127,Uhr Dekoration Lüfter
128659,5906717426612,Activ Power JD700 Elektrische Nagelfräser Violett
132537,5906717433023,Gabbiano Barberstuhl giulio gold schwarz
132538,5906717433030,Gabbiano Barberstuhl giulio silver schwarz
131506,5906717431258,"UV-Glühbirne für Sterilisator UV-C Blue, Blue New, Germix"
131927,5906717431869,Hydraulische Podologie Kosmetikliege 112 weiß
131929,5906717431883,Hydraulische Podologie Kosmetikliege 112 schwarz
131928,5906717431876,Hydraulische Podologie Kosmetikliege 112 grau
133508,5906717436734,Gabbiano Barberstuhl pietro schwarz
133430,5906717436529,Klappbarer Schminkstuhl Aluminium schwarz
132209,5906717432651,Gabbiano Barberstuhl igor schwarz
132950,5906717433801,Gabbiano Friseurstuhl Lyon schwarz
130597,5906717431692,Gabbiano Kosmetikhocker q-4599 grau
131957,5906717431906,Pediküre-Fußstütze activ podo weiß
131958,5906717431913,Pediküre-Fußstütze activ podo grau
131959,5906717431920,Pediküre-Fußstütze activ podo schwarz
133209,5906717436505,Lampe UV LED Glow X 54W
133421,5906717435362,LAMPE UV DUAL LED SUN 5 48W USB
133144,5906717434808,Wimpern-Behandlungsstuhl ivette grey
133145,5906717434969,Wimpern-Behandlungsstuhl ivette rosa
133146,5906717434976,Wimpern-Behandlungsstuhl ivette weiß
132719,5906717433481,Beinauflage für Pediküre bell schwarz
136035,5900117974988,Farmona Hydra Technologie hoch Peeling-Lösung 500ml
136034,5900117974971,Farmona Hydra Technologie stark regenerierende Lösung 500ml
136036,5900117974995,Farmona Hydra Technologie hoch feuchtigkeitsspendende Lösung 500ml
133208,5906717435355,Hochtemperatursterilisator wx-12c
132428,5906717432828,Staubabsaugung für Pediküre Azzurro f18a weiß
132429,5906717432835,Staubabsaugung für Pediküre Azzurro f18a chrom
132430,5906717432842,Staubabsaugung für Pediküre Azzurro f18 chrom
132431,5906717432859,Staubabsaugung für Pediküre Azzurro f18 weiß
132432,5906717432866,Montagesatz für Staubabsaugung Azzurro F18
133201,5906717435447,Elektrische Massageliege 079 1 Motor weiß
133202,5906717435454,Elektrische Massageliege 079 1 Motor schwarz
133089,5906717434846,Lafomed Autoklav standard line lfss18aa led mit Drucker 18 L Klasse B medizinisch
133090,5906717434853,Lafomed Autoklav standard line lfss23aa led mit Drucker 23 L Klasse B medizinisch
132081,5906717432163,Kosmetiktisch 312 weiß rechts
133139,5906717435287,Gabbiano Friseurstuhl Florence mit verstellbarer Kopfstütze schwarz
133142,5906717434792,Gabbiano Friseurstuhl Venedig schwarz
133143,5906717434815,Gabbiano Friseurstuhl Venedig grau
133237,5906717436260,Friseur-/ Barbier-Sprühflasche Gold A-12 300 ml
133238,5906717435508,Friseur-/ Barbier-Sprühflasche Schwarz 300 ml
133275,5906717435874,Rasiermesser razor i59 schwarz
133777,5906717436826,Gabbiano Barberstuhl francesco gold schwarz
134171,5906717437182,Fußbadewanne-Schüssel mit Massagerollen weiß lich
133278,5906717435904,Friseurumhang j-73
133281,5906717435935,Friseurumhang j-15
133283,5906717435959,Friseurumhang j-33
133285,5906717435973,Friseurumhang j-26
133287,5906717435997,Friseurumhang j-36
133282,5906717435942,Friseurumhang j-16
133273,5906717435850,Rasiermesser razor i43
133276,5906717435881,Rasiermesser razor i45
133264,5906717435768,Friseur-Nackenpinsel Schwarz
133265,5906717435775,Nackenwedel Friseur-Nackenpinsel Holz
133266,5906717435799,Nackenwedel Friseur-Nackenpinsel weiße Borsten
133244,5906717435560,Haarfärbepinsel d-07
133245,5906717435577,Haarfärbepinsel d-12 Spitze
136598,5906717440687,Haarfärbepinsel mit Kamm d-08 Schwarz
136600,5906717435553,Haarfärbepinsel mit Kamm d-04
134229,5906717437298,TATTOO Cartridge El Cartel 0.35mm 23 Soft Edge Magnum 10 stk.
134243,5906717437441,TATTOO Cartridge El Cartel 0.35mm 21 Soft Edge Magnum LT 10 stk.
134244,5906717437458,TATTOO Cartridge El Cartel 0.35mm 23 Soft Edge Magnum LT 10 stk.
133255,5906717435676,"Friseur Haarnadeln E-62 150 St. 4,9cm Schwarz"
133256,5906717435683,"Friseur Haarnadeln E-63 150 St. 4,9cm schwarz"
133257,5906717435690,Friseur-Haarnadeln e-65 300 St. 5cm schwarz
133258,5906717435706,Friseur-Haarnadeln e-65 300 St. 6cm schwarz
133259,5906717435713,Friseur-Haarnadeln e-65 300 St. 7cm schwarz
133247,5906717435591,"Friseur-Haarspangen Clips e-13 6 St. 11,5cm mix neon"
133248,5906717435607,"Friseur-Haarschneideklammer carbon e-15 6 St. 11,5cm schwarz"
133249,5906717435614,"Friseur-Haarschneideklammer e-17 10 St.10,5cm schwarz"
133252,5906717435645,"Friseur Krabben-Haarspangen e-47 12 St. 8,2cm Farbmix"
133260,5906717435720,Friseur-Papierkragen 5 Stk. weiß
133261,5906717435737,Friseur-Papierkragen 5 Stk. schwarz
133949,5906717436994,Friseurkragenbox aus Papier - schwarz
133950,5906717437007,Friseurkragenbox aus Papier - weiß
133309,5906717436215,Friseur-Kurzzeitmesser q-45
133289,5906717436017,Friseurschürze k32 schwarz
133290,5906717436024,Friseurschürze k33 clear
133292,5906717436048,Kamm carbon antistatic 0518
133304,5906717436161,Tubenausdrücker Tubenpresse
133296,5906717436086,Set Kämme Carbon N-20 9 St.
133306,5906717436185,Friseurspiegel rund mit Griff q-35
133307,5906717436192,Doppel-Friseurspiegel klappbar
133311,5906717436239,Fußmatte / Bodenmatte für Friseurstuhl rechteckig
133312,5906717436246,Fußmatte / Bodenmatte für Friseurstuhl halbrund
133279,5906717435911,Haarfärbeschale c-23 schwarz
133305,5906717436178,Magnet-Armband für Clips schwarz
133277,5906717435898,Behälter für Abfälle - Rasierklingen
133272,5906717435843,Bartbürste Kardätsche h-59
133301,5906717436147,Scherenständer Silber
133302,5906717436130,Scherenständer Gold
133262,5906717435744,Silikon-Haarfärbepinsel Set
136599,5906717435539,Set zum Auftragen von Haarfärbemitteln C-01
133171,5906717435225,Gabbiano Saunahaube mit Stativ Schwarz mit aktivem Ozon
133162,5906717435133,Gabbiano Trockenhaube mit Stativ 1600 1 Geschwindigkeit schwarz
133163,5906717435140,Gabbiano Infrarothaube Trockenhaube mit Stativ 628 schwarz
133167,5906717435188,Gabbiano Infrarothaube Trockenhaube mit Stativ 938 weiß
133168,5906717435195,Gabbiano Infrarothaube Trockenhaube mit Stativ 938 schwarz
134992,5906717437656,Kosmetikhocker am-303-2 Weiß
134993,5906717437663,Kosmetikhocker am-303-2 Schwarz
135187,5906717438165,Beutel für Staubabsaugung zum Einbau MOMO S41
132960,5906717433900,Tattoostuhl Massagestuhl pro ink 1811b
133970,5906717437137,Handauflage für Maniküre MOMO 4-M weiß
135476,5906717439629,Aroma Diffusor Luftbefeuchter spa 16 dark wood 130ml
133310,5906717436222,PE-Einweghauben 100 St.
133505,5906717436703,Friseur-Strähnenhaube
133964,5906717437076,Wachs-Heizgerät Pro Wax 700 Dose 500 ml 120W weiß
133965,5906717437083,Wachs-Heizgerät Roll-On Single FO 40W weiß
133966,5906717437090,Wachs-Heizgerät Roll-On Single FO 40W rosa
133967,5906717437106,Wachs-Heizgerät Roll-On Single F2 40W weiß
134995,5906717437670,Fuß für Friseurstuhl quadratisch inox l009
134996,5906717437687,Fuß für Friseurstuhl rund inox l010
132971,5906717434242,BEISTELLWAGEN TATTOO PRO INK 1015 SCHWARZ
135719,5906717440526,Beutel für Staubabsaugung 585 Set 5 St.
135716,5906717440496,Massageroller Jadeit grün
137080,5900117975091,Farmona podologisches medizinisches Enzym Fußpeeling 200 ml
137081,5900117975107,farmona podologic medizinisches konzentriertes Serum zur Nagelpflege mit Symptomen der Onycholyse 15 ml
137082,5909000658066,farmona podologische medizinische Creme für die Haut- und Nagelpflege mit Symptomen einer Mykose 15 ml
137680,5906717443008,Paraffingerät 300W Set XL
134997,5906717437694,Antrieb für Friseurstühle d04
132869,5906717434150,Höhenverstellbare Fußbadewanne für Pediküre Chrom
132972,5906717434259,BEISTELLWAGEN TATTOO PRO INK 1031 SCHWARZ
137802,5906717443213,MANICURE ARMLEHNE MOMO PROFESSIONAL WEIß
137804,5906717443237,MOMO PROFESSIONAL GRAU MANICURE ARMLEHNE
137672,5906717442964,OCHO NAILS ACETON ERDBEER 100ML
137673,5906717442957,ACETON ERDBEER 1000ML
137674,5906717442940,ACETON ERDBEER 500ML
137676,5906717442995,NAGELENTFERNER 100ML
137677,5906717442988,NAGELENTFERNER 1000ML
137678,5906717442971,NAGELENTFERNER 500ML
133161,5906717435126,GABBIANO HÄNGETROCKNER 1600A EINE SCHWARZE GESCHWINDIGKEIT
133509,5906717436741,"Wachspresse iWAX 4000 ML, 200W schwarz"
138249,5901810005771,APIS NERIKANKEN SALZ BIS FUß MIT HARNSTOFF 650 G
138251,5901810005894,APIS Api-Podo Regenerations-Feuchtigkeitscreme bis Fuß 100ml
138252,5901810005900,APIS Api-Podo Fußerweichungsgel mit Harnstoff 30% 100ml
136728,5906717440922,MINI PRO203 SILBER NAGELFRÄSER
136729,5906717440939,MINI PRO203 ROSA NAGELFRÄSER
136900,5906717441516,FUßANTRIEB FÜR AZZURRO 4 MOTOREN MIT HEIZUNG
138243,5901810005665,APIS Couporose- Legierung Algenmaske für Gefäß teint 100g
138248,5901810005672,"APIS Express Lifting Algowa Maske mit TENS-Komplex ""UP 100 g"
138223,5901810005788,APIS LIFTING PEPTIDE Ultraschall-Liftlifting-Spannergel mit SNAP-8 Peptid 200 ML
138224,5901810005795,APIS LIFTING PEPTIDE Lifting – Spannende Augenmaske mit SNAP-8 TM Peptid 50ml
131806,5906717431661,EXO ÖKO CX3 NAGELFRÄSER
135395,5906717439346,GABBIANO FRISEUR SIDEKICK SOLO SILBER SCHWARZ
135396,5906717439353,Gabbiano Friseurassistentin Solo gold – grau
135397,5906717439360,GABBIANO FRISEURWÄSCHE C37 SCHWARZ
138301,5906717443817,KOSMETIKFLOCKEN BAUMWOLLE 500 G 1200 STUCK
138302,5906717443800,BAUMWOLL-Kosmetikflocken 250 G 600 STUCK
137734,5906717443060,WACHSWÄRMER PRO WAX DOSE THERMOSTAT 400 ML 120W WEIß
133199,5906717435423,Sillon Kosmetikstuhl mit Küvetten weiß
134887,5906717437625,ELEKTRISCHE KOSMETIKLIEGE AZZURRO 708B EXCLUSIVE 4 MOTOREN BEHEIZT
134888,5906717437632,ELEKTRISCHE KOSMETIKLIEGE AZZURRO 708BS PEDI PRO EXCLUSIVE 3 MOTOREN BEHEIZT
140781,5906660139270,"NATURLINE BAUMWOLLKOMPRESSEN 150G 16,5cm x18cm"
140778,5906660139447,FOLIE BODY WRAP LAYER 20SZT 160cm x 200cm
140779,5906660139706,NATURLINE BAUMWOLLE SCHAL 20X30 CM 100 Stück
140783,5907803465942,WATTE NATURLINE 44x50 CM
138611,5906717445330,"FRÄSER EXO PRO AUS GESINTERTEM MILZWAL 5,0MM RD"
138612,5906717445347,"FRÄSER EXO PRO AUS GESINTERTEM MILZBRAND OVAL 5,0MM BL"
138613,5906717445354,"FRÄSER EXO PRO MIT GESINTERTEM MILZBRAND KUGEL 1,0MM RD"
138614,5906717445361,"FRÄSER EXO PRO STAHL REINIGUNG 6K 1,2x2,5MM NC"
138615,5906717445378,"FRÄSER EXO PRO STAHL REINIGUNG 6K 1,2x5,9MM NC"
138616,5906717445385,"FRÄSER EXO PRO STAHL VAKUUM 2,3MM COR"
138617,5906717445392,"FRÄSER EXO PRO STAHL VAKUUM 2,3MM GRB"
138618,5906717445408,"FRÄSER EXO PRO DIAMANTKUGEL 1,4MM BL"
138619,5906717445415,"FRÄSER EXO PRO DIAMANTKUGEL 1,6MM BL"
138620,5906717445422,"FRÄSER EXO PRO DIAMANTKUGEL 1,8MM BL"
138621,5906717445439,"FRÄSER EXO PRO DIAMANTKUGEL 2,3MM BL"
138622,5906717445446,"FRÄSER EXO PRO DIAMANTKUGEL 2,7MM BL"
138623,5906717445453,"FRÄSER EXO PRO DIAMANTKUGEL 3,1MM BL"
138624,5906717445460,"FRÄSER EXO PRO DIAMANTKUGEL 3,5MM BL"
138625,5906717445477,"FRÄSER EXO PRO DIAMANTWALZE 1,4MM BL"
138626,5906717445484,"FRÄSER EXO PRO DIAMANTWALZE 1,8MM BL"
138627,5906717445491,"FRÄSER EXO PRO DIAMANTWALZE 2,5MM BL"
138629,5906717445514,"FRÄSER EXO PRO DIAMANTWALZE 6,0MM BL"
138630,5906717445521,"FRÄSER EXO PRO DIAMANTWALZE 6,0MM GR"
138631,5906717445538,"FRÄSER EXO PRO DIAMANTWALZE RUNDE. 1,4MM BL"
138632,5906717445545,"FRÄSER EXO PRO DIAMANTWALZE RUNDE. 1,8MM BL"
138633,5906717445552,"FRÄSER EXO PRO DIAMANTWALZE RUNDE. 2,3MM BL"
138634,5906717445569,"FRÄSER EXO PRO DIAMANTWALZE 5,0MM BL"
138635,5906717445576,"FRÄSER EXO PRO DIAMANT FRONTALWALZE 5,0MM BL"
138636,5906717445583,"FRÄSER EXO PRO DIAMANTWALZE RUNDE. KRAW. 5,0MM BL"
138637,5906717445590,"FRÄSER EXO PRO DIAMANT KEGEL 1,0MM RD"
138638,5906717445606,"FRÄSER EXO PRO DIAMANT KEGEL 1,2MM RD"
138639,5906717445613,"FRÄSER EXO PRO DIAMANT KEGEL 2,5MM RD"
138640,5906717445620,"FRÄSER EXO PRO DIAMANT KEGEL RUNDE. 1,0MM RD"
138641,5906717445637,"FRÄSER EXO PRO DIAMANT KEGEL RUNDE. 1,8MM RD"
138642,5906717445644,"FRÄSER EXO PRO DIAMANT FLAMME 1,6MM RD"
138643,5906717445651,"FRÄSER EXO PRO DIAMANT FLAMME 1,8MM RD"
138644,5906717445668,"FRÄSER EXO PRO DIAMANT FLAMME 2,1MM RD"
138645,5906717445675,"FRÄSER EXO PRO DIAMANT TROPFEN ZAOKR. 4,5MM BL"
138646,5906717445682,"FRÄSER EXO PRO DIAMANT TROPFEN ZAOKR. 5,5MM BL"
138647,5906717445699,"FRÄSER EXO PRO DIAMANT TROPFEN ZAOKR. 6,0MM BL"
138648,5906717445705,"FRÄSER EXO PRO DIAMANT TROPFEN ZAOKR. 5,0MM RD"
138649,5906717445712,"FRÄSER EXO PRO DIAMANT TROPFEN ZAOKR. 6,0MM RD"
138601,5906717445231,"FRÄSER EXO PRO MIT GESINTERTEM MILZBRAND KUGEL 1,8MM BL"
138602,5906717445248,"FRÄSER EXO PRO MIT GESINTERTEM MILZBRAND KUGEL 2,3MM BL"
138603,5906717445255,"FRÄSER EXO PRO AUS GESINTERTEM WALZEN 5,0MM RD"
138604,5906717445262,"FRÄSER EXO PRO AUS GESINTERTEM MILZWALZEN. 6,0MM RD"
138605,5906717445279,"FRÄSER EXO PRO AUS GESINTERTEM MILZWALZEN. 6,0MM GL"
138606,5906717445286,"FRÄSER EXO PRO AUS GESINTERTEM MILZBRAND 2,3MM RD"
138607,5906717445293,"FRÄSER EXO PRO MIT GESINTERTEM KEGEL 1,6MM RD"
138608,5906717445309,"FRÄSER EXO PRO AUS GESINTERTEM MILZBRAND KEGEL. 4,0MM YL"
138609,5906717445316,"FRÄSER EXO PRO MIT GESINTERTEM MILZBRAND OVAL 6,0MM YL"
138610,5906717445323,"FRÄSER EXO PRO MIT GESINTERTEM OVAL 5,0MM VL"
132973,5906717434266,PRO INK 1040 SCHWARZER TATTOO ASSISTANT
136943,5906717441912,"KREIS FÜR HOCKER 302, 303, 304, PFAND 5 STÜCK PRO DRÜCKEN"
137665,8421421104818,DEPILFLAX 100 SÄURECREME NACH DER ENTHAARUNG 200ML
138628,5906717445507,PROFESSIONELLER EXO PRO FRÄSER HBD-113RD.060
140992,9003877905264,BRAUENLAMINIERUNG KIT - BROW LAMINATION KIT REFECTOCIL
135712,5906717440458,408D HÄNGENDE FRISEURSAUNA MIT AKTIVEM OZON grau
135715,5906717440489,GABBIANO INFRAZON STEHT Y-707 SCHWARZ
133105,5906717434761,GABBIANO FRISEURSTUHL ACRI GOLD - BEIGE
137105,5906717442124,GABBIANO FRISEURSTUHL ASTI SCHWARZ
137108,5906717442155,Gabbiano Friseurstuhl Bergamo Grau
140913,5906717446566,WELUR WEISS BLATT
140914,5906717446573,WELUR GRAUES BLATT
140915,5906717446580,WELUR SCHWARZES BLATT
136805,5906717458347,GABBIANO FRISEURWASCHSTUHL SCHWARZ
137104,5906717442117,GABBIANO FRISEURWÄSCHE ASTI SCHWARZ
138300,5906717443749,KOPF - ROLLEN FÜR BODY OPTIMIZER GIO-1006
136945,5906717441936,SILIKONSCHALE FÜR WACHS 500ML
137623,5906717442773,EXO AKTE BREIT EINFACH 80/80 10 STK
137629,5906717442834,EXO POLIERER BUFER EINFACH 320/400 10 STK
137630,5906717442841,EXO POLERKA BUFER BANANE 320/1200 10 STK
137631,5906717442858,EXO POLIERER BUFER ROMB 1200/3000 10 STK
137617,5906717442711,EXO WECHSELBARE PAPIERE FÜR DIE METALLHALBMOND-AKTE. 80 10 St.
137620,5906717442742,EXO EINFACHE AKTE 80/80 10 STK
122423,5906717443268,557A KOSMETIKSTUHL MIT KISTEN WEIß
137732,5906717443046,PARAFFIN iWAX 300W WEIßES SET XXL
138276,5906717443732,SAEYANG MARATHON HANDY 702 DENTAL MIKROMOTOR Nagelfraser + S40-FS60N BÜRSTE
138306,5906717443756,ROSA MANIKÜRE KISSEN
138308,5906717443770,GOLDEN MANIKÜRE KISSEN
138336,5906717413582,SNIPPEX BAGUETTE FÜR HENNA
141255,5901810006792,APIS ROSACEA- STOP Mildernde Maske 200 ml
141259,5901810006815,APIS ROSACEA- STOP Home terApis Beruhigende Nachtcreme 50 ml
137401,5906717442445,SCHUTZFOLIE BRILLE 200 STK
137405,5906717442483,KOPFMASSAGEBÜRSTE
137406,5906717442490,"HAARWALZEN RÜBEN 1,5 CM 10 STÜCK"
138502,5906717444722,MIRUSENS-GERÄT ZUR BEIN- + OBERSCHENKELPRÄSOTHERAPIE - LYMPHDRAINAGE
141586,5906717448652,WELUR BROWN BLATT
137776,5906717443114,MOMO PROFESSIONAL ROSA MANICURE ARMLEHNE
137567,5906717447365,KOSMETIKSTUHL ELEKTRISCH SOFT 1 MOTOR WEIß
135839,5906717440533,WACHSHEIZUNG FHC-E2051 500ML 100W
136913,5906717441615,ORGANIZER CASE FÜR FRISEURSCHERE UK
138171,5906717443640,SNIPPEX FRISEURSCHERE 6.0
138172,5906717443657,SNIPPEX FRISEURSCHERE EFFIELIESCHEREN 6.0
138173,5906717443664,SNIPPEX FRISEURSCHERE 6.0 GOLD
141607,5901810005658,APIS Akne-Stop Algenmaske für Aknehaut 100 g
141260,5901810006822,APIS ROSACEA- STOP Enzymatisches Gesichtswaschpulver 80 g
137392,5906717442353,EIN SET UNIVERSALKAPPEN FÜR RAZOR 8 STÜCK.
137398,5906717442414,FRISEURSPIEGEL RUND Q-29 SCHWARZ
137399,5906717442421,RECHTECKIGER FRISEURSPIEGEL Q-32 UK
137400,5906717442438,FRISEURSPIEGEL Q-33 UK
137106,5906717442131,GABBIANO FRISEURSTUHL PRATO GOLD - SCHWARZ
137382,5906717442254,HAIR COKES E-56 200 STK. MISCHEN
142853,5900117975954,FARMONA Verjüngende Algenmaske mit Schneckenschleim 160 g
142855,5900117975961,FARMONA Lifting Algenmaske mit Viperngift 160 g
137777,5906717443121,KERAMIK BART GLÄTTEBÜRSTE
138009,5906717443381,Komsetikwagen 6051 Weiss
138010,5906717443398,Kosmetikwagen 6052 Weiss
138011,5906717443404,Kosmetikwagen 6052T Weiss
138012,5906717443411,Kosmetikwagen 6053 Weiss
137752,5906717443084,KATE 4 MOTOREN GRAU ELEKTRISCHE KOSMETIKLIEGE
135420,5906717439452,Gabbiano Friseurstuhl Wersal gold schwarz
135860,5906717440632,SAEYANG ROTOR FÜR MARATHON H200 KOPF
135861,5906717440649,SAEYANG ROTOR FÜR MARATHON SH300 KOPF
136914,5906717441622,FRISEUR FRISEURKOFFER WEIß UND SCHWARZ
136915,5906717441639,FRISEUR FRISEURKOFFER SCHWARZ GOLD
136919,5906717441677,TRAGBARER KOFFERSTÄNDER T-27 ROSÉGOLD
136920,5906717441684,TRAGBARER KOFFERSTÄNDER T-27 SCHWARZ
136921,5906717441691,TRAGBARER KOFFERSTÄNDER T-27 SILBER
136922,5906717441707,TRAGBARER STÄNDER MIT LAUTSPRECHERN SCHWARZ
136941,5906717441882,FRISEUR CAPE J-81
136942,5906717441899,FRISEUR CAPE J-120
137397,5906717442407,RÜHRER FÜR FRISEURFARBEN
137847,5906717443251,SAEYANG H20 KOPF FÜR MARATHON FRÄSMASCHINE
138338,5906717443848,GABBIANO FRISEURSTUHL SANTIAGO SCHWARZ
138339,5906717443855,GABBIANO FRISEURWÄSCHE SANTIAGO SCHWARZ
138341,5906717443879,GABBIANO FRISEURWÄSCHE ORLEAN SCHWARZ
142680,5906717448973,SYIS AMPULLEN AMINO-KOMPLEX 10X3 ML
142681,5906717448980,SYIS REVITALISIERENDE AMPULLEN 10X3 ML
142985,5906717449505,FROTTEEBEZUG FÜR HOCKER FUCHSIA
142984,5906717449512,FROTTEEBEZUG FÜR HOCKER GRAPHIT
141213,5906717448317,ABDECKUNG FÜR WELUR HOCKER SCHWARZ
141220,5906717448379,WELUR FUCHSIA BEAUTY ARMBAND
141221,5906717448386,ABDECKUNG FÜR WELUR FUKSJA HOCKER
141585,5906717448645,WELUR HOCKER ABDECKUNG BRAUN
141587,5906717448669,WELUR BRONZE BEAUTY ARMBAND
142949,5906717449680,SAMTKOSMETIKBAND FLASCHEGRUN
142978,5906717449550,FROTTEE GRAPHIT
142982,5906717449529,HOCKERBEZUG FUR HOCKER FLASCHE GRUN
142983,5906717449499,FROTTEEBEZUG FÜR HOCKER FLASCHE GRÜN
141209,5906717448270,WELUR WHITE BEAUTY ARMBAND
141210,5906717448287,SCHWARZES WELUR BEAUTY ARMBAND
141211,5906717448294,WELUR GRAU KOSMETIKBAND
141212,5906717448300,ABDECKUNG FÜR HOCKER WELUR WEIß
141214,5906717448324,ABDECKUNG FÜR WELUR GRAU TABORET
142980,5906717449543,FROTTEE FUCHSIA
142981,5906717449567,BLATT FLASCHE VELOR GRÜN
142986,5906717449574,KOSMETIKBAND FROTTEE GRAPHIT
142987,5906717449581,KOSMETIKBAND FROTTEE FUCHSIA
142979,5906717449536,FROTTEE FLASCHE GRÜN
142988,5906717449598,KOSMETIKBAND FROTTEE FLASCHE GRUN
136685,5906717440854,GABBIANO BARBER WASCHSTATION BB06 SCHWARZ
136912,5906717441608,HOLSTERGÜRTEL FÜR FRISEURSCHERE T10 SCHWARZ
138394,5906717444142,LED LUPE SCHLANGENRING FÜR SCHREIBTISCH SCHWARZ
138395,5906717444159,LED LUPE GLOW 308 FÜR ARBEITSPLATTE WEIß
138396,5906717444166,LED LUPE GLOW 308 FÜR ARBEITSPLATTE SCHWARZ
137393,5906717442360,VERANSTALTER FÜR FRISEUR-MASKERADEN
142878,5906717449116,"Capillus Ultraliss Nanoplastia, Nanoplastik-Behandlungsset, 3x400 ml"
138470,5906717444470,Tattoo nadeln El Cartel 0.35 1RL 25stk.
138472,5906717444494,Tattoo nadeln El Cartel 0.35 5RS SHADER 25 stk.
138474,5906717444517,Tattoo nadeln El Cartel 0.35 5RL LINER 25stk.
143098,5902846077466,CLARESA BASIS -5g
143104,5906750236360,CLARESA BASISGUMMI 10 -5g
143107,5907731978088,CLARESA BASISGUMMI 13 -5g
143108,5903819802061,CLARESA BASISGUMMI 14 -5g
143115,5903819802122,CLARESA BASISGUMMI 20 -5g
143124,5906750238371,CLARESA BASE ULTRA -5 g
143149,5903819802252,CLARESA Extend Care 5 in 1 Keratin #1 5g
143150,5903819802269,CLARESA Extend Care 5 in 1 Keratin #2 5g
143151,5903819802276,CLARESA Extend Care 5 in 1 Keratin #3 5g
143152,5903819802283,CLARESA Extend Care 5 in 1 Keratin #4 5g
143153,5903819802290,CLARESA Extend Care 5 in 1 Keratin #5 5g
143154,5903819802207,CLARESA Extend Care 5 in 1 Provita #1 5g
143155,5903819802214,CLARESA Extend Care 5 in 1 Provita #2 5g
143156,5903819802221,CLARESA Extend Care 5 in 1 Provita #3 5g
143157,5903819802238,CLARESA Extend Care 5 in 1 Provita #4 5g
143158,5903819802245,CLARESA Extend Care 5 in 1 Provita #5 5g
143173,5902846077442,CLARESA Gel Politur BLACK 900 -5g
143174,5902846077404,CLARESA Gel Politur BLAU 700 -5g
143176,5902846077411,CLARESA Gel Politur BLAU 702 -5g
143179,5902846079200,CLARESA Gel Politur BLAU 707 -5g
143183,5902846079293,CLARESA Gel Politur BLAU 716 -5g
143184,5902846079309,CLARESA Gel Politur BLAU 717 -5g
143186,5902846077848,CLARESA Gel Politur BROWN 304 -5g
143189,5902846077886,CLARESA Gel Politur BROWN 308 -5g
143192,5907731978347,CLARESA Hybrid Politur CANDY 10 -5g
143193,5906750239699,CLARESA Hybrid Politur CANDY 2 -5g
143195,5906750239712,CLARESA Hybrid Politur CANDY 4 -5g
143196,5906750239729,CLARESA Hybrid Politur CANDY 5 -5g
143211,5907731972659,CLARESA Gel Politur COZY RED -5g
143212,5903819807080,"CLARESA Gel Politur FALLIN""LOVE 1 -5g"
143213,5903819807189,"CLARESA Gel Politur FALLIN""LOVE 10 -5g"
143215,5903819807202,"CLARESA Gel Politur FALLIN""LOVE 12 -5g"
143216,5903819807219,"CLARESA Gel Politur FALLIN""LOVE 13 -5g"
143217,5903819807097,"CLARESA Gel Politur FALLIN""LOVE 2 -5g"
143218,5903819807103,"CLARESA Gel Politur FALLIN""LOVE 3 -5g"
143219,5903819807110,"CLARESA Gel Politur FALLIN""LOVE 4-5g"
143220,5903819807127,"CLARESA Gel Politur FALLIN""LOVE 5 -5g"
143221,5903819807134,"CLARESA Gel Politur FALLIN""LOVE 6 -5g"
143222,5903819807141,"CLARESA Gel Politur FALLIN""LOVE 7 -5g"
143223,5903819807158,"CLARESA Gel Politur FALLIN""LOVE 8-5g"
143224,5903819807165,"CLARESA Gel Politur FALLIN""LOVE 9 -5g"
143225,5903819803792,CLARESA Hybridlack FLUO 1 -5g
143226,5903819803808,CLARESA Hybridlack FLUO 2 -5g
143227,5903819803815,CLARESA Hybridlack FLUO 3 -5g
143228,5903819803822,CLARESA Hybridlack FLUO 4 -5g
143229,5903819803839,CLARESA Hybridlack FLUO 5 -5g
143230,5903819803846,CLARESA Hybridpolitur FLUO 6 -5g
143231,5903819803853,CLARESA Hybridlack FLUO 7 -5g
143232,5903819803990,CLARESA Hybridlack FLUO 8 -5g
143233,5902846079712,CLARESA Gel Politur FULL GLITTER 1 -5g
143234,5902846079729,CLARESA Gel Politur FULL GLITTER 2 -5g
143235,5902846079736,CLARESA Gel Politur FULL GLITTER 3 -5g
143237,5902846079750,CLARESA Gel Politur FULL GLITTER 5 -5g
143238,5902846079767,CLARESA Gel Politur FULL GLITTER 6 -5g
143239,5902846079774,CLARESA Gel Politur FULL GLITTER 7 -5g
143240,5903819801163,CLARESA Hybridlack Galaxy Black 5g
143241,5903819801156,CLARESA Hybrid polnisch Galaxy Blue 5g
143242,5903819801200,CLARESA Hybrid polnisch Galaxy Green 5g
143243,5903819801170,CLARESA Hybridlack Galaxy Navy Blue 5g
143244,5903819801187,CLARESA Hybridlack Galaxy Purple 5g
143245,5903819801194,CLARESA Hybrid polnisch Galaxy Red 5g
143246,5902846079415,CLARESA Gel Politur GLITTER 1 -5g
143257,5902846079422,CLARESA Gel Politur GLITTER 2 -5g
143259,5902846079439,CLARESA Gel Politur GLITTER 3 -5g
143270,5902846077800,CLARESA Gel Politur GRAU 218 -5g
143271,5902846079316,CLARESA Gel Politur GRÜN 800 -5g
143272,5902846079323,CLARESA Gel Politur GREEN 801 -5g
143273,5902846077428,CLARESA Gel Politur GREEN 802 -5g
143276,5902846079378,CLARESA Gel Politur GRÜN 808 -5g
143277,5903819802306,CLARESA Hybridlack Eis 1 -5g
143278,5903819802313,CLARESA Hybridlack Eis 2 -5g
143279,5903819802320,CLARESA Hybridlack Eis 3 -5g
143280,5903819802337,CLARESA Hybridlack Eis 4 -5g
143281,5903819802344,CLARESA Hybridlack Eis 5 -5g
143282,5903819802351,CLARESA Hybridlack Eis 6 -5g
143283,5903819804317,CLARESA Gel Politur LOLLIPOP 1 -5g
143284,5903819804324,CLARESA Gel Politur LOLLIPOP 2 -5g
143285,5903819804331,CLARESA Gel Politur LOLLIPOP 3 -5g
143286,5903819804348,CLARESA Gel Politur LOLLIPOP 4 -5g
143287,5903819804355,CLARESA Gel Politur LOLLIPOP 5 -5g
143288,5903819804362,CLARESA Gel Politur LOLLIPOP 6 -5g
143289,5903819804379,CLARESA Gel polnisch LOLLIPOP 7 -5g
143290,5903819804386,CLARESA Gel polnisch LOLLIPOP 8 -5g
143301,5906750239774,CLARESA Hybrid Politur MINT 4 -5g
143302,5902846076964,CLARESA Gel Politur NEON 1 -5g
143303,5902846076971,CLARESA Gel Politur NEON 2 -5g
143304,5902846076988,CLARESA Hybrid Politur NEON 3 -5g
143305,5902846076995,CLARESA Gel Politur NEON 4 -5g
143306,5902846077008,CLARESA Gel Politur NEON 5 -5g
143307,5902846077015,CLARESA Gel Politur NEON 6 -5g
143308,5902846077022,CLARESA Gel Politur NEON 7 -5g
143309,5902846077091,CLARESA Gel Politur NUDE 101 -5g
143310,5902846077138,CLARESA Gel Politur NUDE 102 -5g
143312,5902846077510,CLARESA Gel Politur NUDE 105 -5g
143313,5902846077527,CLARESA Gel Politur NUDE 106 -5g
143314,5902846077534,CLARESA Gel Politur NUDE 107 -5g
143315,5902846077114,CLARESA Gel Politur NUDE 108 -5g
143316,5902846077541,CLARESA Gel Politur NUDE 109 -5g
143317,5902846077558,CLARESA Gel Politur NUDE 110 -5g
143319,5902846077572,CLARESA Gel Politur NUDE 112 -5g
143320,5902846077589,CLARESA Gel Politur NUDE 113 -5g
143321,5902846077602,CLARESA Gel Politur NUDE 115 -5g
143322,5902846077619,CLARESA Gel Politur NUDE 116 -5g
143323,5902846077121,CLARESA Gel Politur NUDE 117 -5g
143324,5902846077633,CLARESA Gel Politur NUDE 120 -5g
143325,5906750239866,CLARESA Gel Politur NUDE 122 -5g
143329,5902846078357,CLARESA Gel Politur PINK 504 -5g
143333,5902846078401,CLARESA Gel Politur PINK 510 -5g
143335,5902846078425,CLARESA Gel Politur PINK 513 -5g
143339,5902846078470,CLARESA Gel Politur PINK 519 -5g
143341,5902846077336,CLARESA Gel Politur PINK 524 -5g
143344,5902846078760,CLARESA Gel Politur PINK 530 -5g
143345,5902846077343,CLARESA Gel Politur PINK 531 -5g
143346,5902846078524,CLARESA Gel Politur PINK 532 -5g
143352,5902846078586,CLARESA Gel Politur PINK 540 -5g
143354,5902846078609,CLARESA Gel Politur PINK 542 -5g
143357,5902846078647,CLARESA Gel Politur PINK 547 -5g
143358,5902846078661,CLARESA Gel Politur PINK 549 -5g
143360,5902846078685,CLARESA Gel Politur PINK 551 -5g
143363,5902846078715,CLARESA Gel Politur PINK 554 -5g
143368,5903819801255,CLARESA Gelpolitur Precious PS5
143369,5902846078821,CLARESA Gel Politur LILA 601 -5g
143370,5902846077374,CLARESA Gel Politur LILA 602 -5g
143371,5902846078838,CLARESA Gel Politur LILA 603 -5g
143375,5902846078913,CLARESA Gel Politur LILA 613 -5g
143380,5902846078975,CLARESA Gel Politur LILA 619 -5g
143381,5902846078999,CLARESA Gel Politur LILA 621 -5g
143388,5902846077190,CLARESA Gel Politur ROT 400 -5g
143391,5902846077213,CLARESA Gel Politur ROT 406 5g
143392,5902846077220,CLARESA Gel Politur ROT 411 -5g
143393,5902846078074,CLARESA Gel Politur ROT 412 -5g
143394,5902846078135,CLARESA Gel Politur ROT 418 -5g
143395,5902846078142,CLARESA Gel Politur ROT 419 -5g
143396,5902846077237,CLARESA Gel Politur ROT 420 -5g
143397,5902846078197,CLARESA Gel Politur ROT 425 -5g
143398,5902846078203,CLARESA Gel Politur ROT 426 -5g
143399,5902846078210,CLARESA Gel Politur ROT 427 -5g
143401,5902846078241,CLARESA Gel Politur ROT 430 -5g
143402,5902846078258,CLARESA Gel Politur ROT 431 -5g
143404,5902846078289,CLARESA Gel Politur ROT 435 -5g
143405,5902846078326,
143413,5902846079811,CLARESA Hybrid Politur SPARKLE 1 -5g
143414,5902846079828,CLARESA Hybrid Politur SPARKLE 2 -5g
143415,5902846079835,CLARESA Hybrid Politur SPARKLE 3 -5g
143416,5902846079859,CLARESA Hybrid Politur SPARKLE 4 -5g
143421,5903819807578,"CLARESA Gel Politur WARMIN""FALL 1 -5g"
143425,5903819807615,"CLARESA Gel Politur WARMIN""FALL 5 -5g"
143428,5902846077459,CLARESA Gel Politur WHITE 1000 -5g
143436,5907731971492,CLARESA Olive CHERRY 1 Stück
143437,5907731971478,CLARESA Olive LEMON 1 stk
143438,5907731971485,CLARESA oliven PEACH 1 Stk
143439,5907731971508,CLARESA Olive VANILLE 1 Stk
143444,5903819815900,CLARESA POLI GEL LATTE 30 g
143446,5903819815894,CLARESA POLI GEL PFIRSICH 30 g
143448,5903819815887,
143452,5903819803082,CLARESA Säurefrei Primer Säurefrei Provita 5 g
143461,5907731971515,CLARESA TOP DIAMANT KEIN TUCH -5g
143462,5902846077480,CLARESA TOP MATT KEIN TUCH -5g
143463,5902846077473,CLARESA TOP KEIN TUCH -5 g
143464,5907731978538,CLARESA Top No Wipe 5g Glitter Blau
143465,5907731978545,CLARESA Top No Wipe 5g Glitter Silber
143466,5906750236827,CLARESA TOP GLANZ -5g
143469,5903819804010,CLARESA PARFÜMIERTES NAGELHAUTÖL VERLOCKENDE BLUME - NEU!!
143470,5903819804003,CLARESA PARFÜMIERTES NAGELHAUTÖL SWEET FREEDOM -NEU!!!
143474,5903819807653,CLARESA Hybridlack GREEN WINKS 2 -5g
143477,5903819808377,CLARESA Hybridlack make it shine! 1 -5g
143482,5903819808421,CLARESA Hybridlack Make It Shine! 6 -5g
143570,5906750236834,CLARESA Säurefreier Primer 5 ML
143671,5903819809008,CLARESA Gel Politur Frosty Morning 11 -5g
132718,5906717433474,Elektrische Kosmetikliege SILLON Lux 273b 3 Motoren weiß
136911,5906717441592,BARBER WASCHMASCHINE PRO SCHWARZ
138307,5906717443763,MANIKÜRE KISSEN WEIß
143781,5900117976999,FARMONA HYDRA TECHNOLOGY Aufhelllösung mit Vitamin C 500 ml
143782,5900117977002,FARMONA HYDRA TECHNOLOGY Revitalisierende Lösung mit Bergkristall 500 ml
143783,5900117977019,FARMONA HYDRA TECHNOLOGY Hebelösung mit Bioretinol 500 ml
138518,5906717444753,NETZTEIL LADEGERÄT 5V/2A
140846,5906717446399,HOCKERANTRIEB - LANG
138569,5906717444913,ARMATUR FÜR FRISEUR AUTOWASCHANLAGE SCHWARZ
138676,5906717445736,STAUBABSORBER AM STROMABNEHMER MOMO 6606
137383,5906717442261,"FRISEUR SLIPS 120 STK. E-57 5,6CM GOLD"
137384,5906717442278,"FRISEUR SLIPS E-58 120PCS 5,6CM KUPFER"
140918,5906717446597,Kosmetikhocker 6001 grau
141616,5906717448713,Elektrische Massageliege 079 1 Motor grau
138237,5906717443688,GUA SHA GESICHTSMASSAGE JADESTEIN
136906,5906717441547,HS HAARBÜRSTE SCHWARZ PINK
137387,5906717442308,BARBER RÜBEN FÜR HAARE 2PCS.
137482,5906717442599,KOSMETIK HOCKER M-1645 GOLD SCHWARZ
141199,5906717448218,KOSMETIK HOCKER QS-06 WEIß
141200,5906717448225,KOSMETIK HOCKER QS-06 SCHWARZ
141629,5906717448744,Kosmetikhocker Giovanni 1004 weiß mit silbernem Fußgestell
141631,5906717448768,Kosmetikhocker Giovanni 1004 grau mit silbernem Fußgestell
138345,5906717443916,HAARWECHSELRICHTER TRIO XL PINK K-222
138347,5906717443930,AUTOMATISCHE HAARKERBE K-328
141185,5906717448072,BAR HOCKER QS-B15 VELVET SCHWARZ
141187,5906717448096,BAR HOCKER QS-B15 GREEN VELVET
141188,5906717448102,4Rico Barhocker QS-B16g Samt Schwarz
141189,5906717448119,4Rico Barhocker QS-B16G Samt grau
141193,5906717448157,BAR HOKER QS-B08 WEIß
141194,5906717448164,BAR HOKER QS-B01 WEIß
141179,5906717448010,BÜROSTUHL QS-11 SCHWARZ
141043,5906717446962,"EXO KERAMIK CUTTER OVAL Ø6,0MM RD /307F"
141044,5906717446979,"EXO KERAMIK CUTTER OVAL Ø6,0MM BL /307M"
141045,5906717446986,"EXO KERAMIK CUTTER OVAL Ø6,0MM GR /307C"
141046,5906717446993,"EXO KERAMIK CUTTER OVAL Ø6,0MM YL /307XF"
141047,5906717447006,"EXO KERAMIK CUTTER OVAL Ø6,0MM BL SCHWARZ"
141048,5906717447013,"EXO KERAMIK CUTTER KEGEL RUND. Ø6,5 mm"
141049,5906717447020,"EXO KERAMIK CUTTER KEGEL Ø1,9MM BL /8M"
141050,5906717447037,"EXO KERAMIK FRÄSWALZE Ø1,6MM RD /414F"
141051,5906717447044,"EXO KERAMIK FRÄSWALZE Ø1,6MM BL /414M"
141052,5906717447051,"EXO KERAMIK FRÄSWALZE Ø1,6MM GR /414C"
141053,5906717447068,"EXO KERAMIK SCHNEIDWALZE RUND. Ø2,2 mm BL /428F"
141054,5906717447075,"EXO KERAMIK SCHNEIDWALZE RUND. Ø6,0 mm RD /426F"
141055,5906717447082,"EXO KERAMIK SCHNEIDWALZE RUND. Ø6,0 mm BL /426 M"
141056,5906717447099,"EXO KERAMIK SCHNEIDWALZE RUND. Ø6,0 mm GR /426C"
141057,5906717447105,"EXO PRO KERAMIK CUTTER OVAL Ø6,0MM YL /230XF"
141058,5906717447112,"EXO PRO KERAMIK CUTTER OVAL Ø6,0MM RD /230F"
141059,5906717447129,"EXO PRO KERAMIKSCHNEIDER OVAL Ø6,0MM BL /230M"
141060,5906717447136,"EXO PRO KERAMIK CUTTER OVAL Ø6,0MM GR 230C"
141061,5906717447143,"EXO PRO KERAMIK CUTTER KEGEL RUND. Ø5,5 mm BL /826F"
141062,5906717447150,"EXO PRO KERAMIK CUTTER KEGEL RUND. Ø5,5 mm RD /826 M"
141063,5906717447167,"EXO PRO KERAMIK CUTTER KEGEL RUND. Ø5,5 mm GR /826C"
141064,5906717447174,"EXO SANDSTEIN FRÄSWALZE Ø3,0MM /16M"
141065,5906717447181,"EXO SANDSTEIN SCHNEIDEKEGEL Ø3,3MM /412M"
141066,5906717447198,"EXO SANDSTEIN SCHNEIDEKEGEL Ø4,4MM /16M"
141067,5906717447204,EXO SANDSTEIN FRÄSKUGEL Ø 3MM /606M
141068,5906717447211,"EXO SANDSTEIN FRÄSKUGEL Ø 6,0MM /808M"
141069,5906717447228,"EXO SANDSTEINSCHNEIDER SCYB KUGEL Ø 6,0MM /10M"
141070,5906717447235,"EXO SANDSTEIN SCHNEIDEFLAMME Ø3,5MM /814M"
141071,5906717447242,"EXO SANDSTEINSCHNEIDER FLAMME Ø3,3MM /144M"
141072,5906717447259,"EXO SANDSTEIN SCHNEIDEFLAMME Ø3,6MM /616M"
141073,5906717447266,EXO GUMMISCHNEIDER GRÜNE WALZE RUND. Ø8.0MM /320
141074,5906717447273,"EXO GUMMISCHNEIDER GRÜNE WALZE RUND. Ø8,0 mm /400"
141075,5906717447280,"EXO GUMMISCHNEIDER GRÜNER KEGEL Ø6,0MM /824"
141076,5906717447297,"EXO GUMMISCHNEIDER GRÜNER KEGEL Ø4,0MM /232"
141077,5906717447303,"EXO GUMMISCHNEIDER GRÜNER KEGEL Ø10,0MM /204"
141078,5906717447310,"EXO GUMMISCHNEIDER GRÜNE WALZE SPITZ Ø5,5MM /32"
140084,5906717445828,ALU MAKE-UP STUHL ROSÉGOLD
140106,5906717445842,HOCKERANTRIEB - MEDIUM
140152,5906717445859,ABLAUF DER FRISEURWÄSCHE F04
140845,5906717446382,HOCKERANTRIEB - KURZ
140885,5906717446481,"FUßANTRIEB FÜR MARATHON CHAMPION, K35 mini FRÄSMASCHINEN"
141099,5906717447457,Hair System Barberstuhl BM88066 Schwarz
141217,5906717448331,MANIKÜRE UNTERSTÜTZUNG 6M GOLD SCHWARZ
141218,5906717448348,MANIKÜRE UNTERSTÜTZUNG 6M GOLD WEIß
141219,5906717448355,MANIKÜRE UNTERSTÜTZUNG 6M GOLD PINK
142782,5906717448966,MANIKÜRE UNTERSTÜTZUNG 6M GOLD WEISS PIK
142786,5906717448997,PEDIKURSCHÜSSEL FALTEN BLAU
142787,5906717449000,PEDICURESCHUSSEL FALTEN PINK
140266,5906717445941,GABBIANO FRISEURSTUHL AVILA GOLD SCHWARZ
140267,5906717445958,FRISEURWÄSCHE DRAIN Q5
141011,5906717446863,SCHÜSSEL FÜR AUTOWASCHANLAGE GABBIANO SILBER
142927,5906717449345,UNTERGESTELL FÜR FRISEURSTUHL  L008
141169,5906717448232,Pro Ink 718 Tattoo Armlehne schwarz
138342,5906717443886,HAARGLÄTTER 2IN1 K-148
141273,5906717448416,GABBIANO Friseur waschbecken EMMA Gold Schwarz
138575,5906717444975,GABBIANO Friseur waschbecken MAYKA Schwarz
141630,5906717448751,Kosmetikhocker Giovanni 1004 schwarz mit silbernem Fußgestell
129075,5906717427442,MASSAGELIEGE 812 BASIC SCHWARZ
144013,5906717450143,TATTOO Cartridge El Cartel 0.25 11RL Liner 10 stk.
144021,5906717450228,TATTOO Cartridge El Cartel 0.30 19 Soft Edge Magnum 10 stk.
144022,5906717450235,TATTOO Cartridge El Cartel 0.30 21 Soft Edge Magnum 10 stk.
144023,5906717450242,TATTOO Cartridge El Cartel 0.30 23 Soft Edge Magnum 10 stk.
144026,5906717450273,TATTOO Cartridge El Cartel 0.30 19 Soft Edge Magnum LT 10 stk.
144027,5906717450280,TATTOO Cartridge El Cartel 0.30 21 Soft Edge Magnum LT 10 stk.
144028,5906717450297,TATTOO Cartridge El Cartel 0.30 23 Soft Edge Magnum LT 10 stk.
144033,5906717450341,TATTOO Cartridge El Cartel 0.35 17 Soft Edge Magnum 10 stk.
144034,5906717450358,TATTOO Cartridge El Cartel 0.35 19 Soft Edge Magnum 10 stk.
144035,5906717450365,TATTOO Cartridge El Cartel 0.35 21 Soft Edge Magnum 10 stk.
144042,5906717450433,TATTOO Cartridge El Cartel 0.35 17 Soft Edge Magnum LT 10 stk.
144043,5906717450440,TATTOO Cartridge El Cartel 0.35 19 Soft Edge Magnum LT 10 stk.
144046,5906717450471,TATTOO Cartridge El Cartel 0.35 35 Magnum 10 stk.
144047,5906717450488,TATTOO Cartridge El Cartel 0.35 35 RM MediumTaper 10 stk.
144048,5906717450495,TATTOO Cartridge El Cartel 0.30 41 Magnum 10 stk.
144049,5906717450501,TATTOO Cartridge El Cartel 0.30 41 RM MediumTaper 10 stk.
144050,5906717450518,TATTOO Cartridge El Cartel 0.35 45 Magnum 10 stk.
144051,5906717450525,TATTOO Cartridge El Cartel 0.35 45 RM MediumTaper 10 stk.
144052,5906717450532,TATTOO Cartridge El Cartel 0.30 49 Magnum 10 stk.
140079,5906717445811,GABBIANO FRISEURSTUHL DALLAS SCHWARZ
142857,5906717449031,GABBIANO FRISEURSTUHL LIMA SCHWARZ
144117,5906717450952,HAARBAND - SCHWARZ
141042,5906717446955,DIAMANTSCHLEIFER 10 STK.
141079,5906717447327,CUTTER MIX 9 STÜCK.
141080,5906717447334,CUTTER MIX 12 STÜCK
140260,5906717445934,KOSMETIKHOCKER H5 GOLD WEISS
141171,5906717448256,TATTOO ASSISTANT PRO TINTE 716C SCHWARZ
144140,5900117977507,FARMONA EXPERT MASSAGE Aromaöl Massageöl 500 ml
144141,5900117977514,FARMONA EXPERT MASSAGE Balsamicoöl Massageöl 500 ml
144139,5900117977491,FARMONA EXPERT MASSAGE Reines Öl Massageöl 500 ml
144142,5900117977026,FARMONA HAUTPEELING EXTRAKT BIRNE Körper- und Fußpeeling 500 g
144144,5900117977040,FARMONA HAUTPEELING REINE VANILLE Körper- und Fußpeeling 500 g
144396,5901810007362,APIS Schutzcreme LSF 30 100ml
144143,5900117977033,FARMONA HAUTPEELING WALDFRÜCHTE Körper- und Fußpeeling 500 g
144385,5903819809473,CLARESA Hybridlack Kiss me! 2 -5g
144386,5903819809480,CLARESA Hybridlack Kiss Me! 3 -5g
144387,5903819809497,CLARESA Hybridlack Kiss Me! 4 -5g
144408,5903819809510,CLARESA Hybridlack Kiss Me! 6 -5g
144410,5903819809527,CLARESA Hybridlack Kiss Me! 7 -5g
144698,5903819813937,CLARESA Hybridlack SUMMER STORIES 1 -5g
144699,5903819813944,CLARESA Hybridlack SUMMER STORIES 2 -5g
144700,5903819813951,CLARESA Hybridlack SUMMER STORIES 3 -5g
144701,5903819813968,CLARESA HYBRIDLACK SUMMER STORIES 4 -5g
144702,5903819813975,CLARESA Hybridlack SUMMER STORIES 5 -5g
144703,5903819813982,CLARESA Hybridlack SUMMER STORIES 6 -5g
144704,5903819813999,CLARESA Hybrid Politur SOMMERGESCHICHTEN 7 -5g
137505,5906717442612,UV LED LAMPE GLOW V7 168W
140257,5906717445903,KOSMETIKHOCKER H4 GOLD SCHWARZ
140258,5906717445910,KOSMETIKHOCKER H4 GOLD WEISS
140259,5906717445927,KOSMETIKHOCKER H5 GOLD SCHWARZ
140261,5906717445996,KOSMETIKHOCKER H7 GOLD SCHWARZ
140262,5906717446009,KOSMETIKHOCKER H7 GOLD WEISS
140263,5906717446016,KOSMETIKHOCKER FÜR PEDIKÜRE H13 SCHWARZ
143806,5906717450068,UV LED LAMPE GLÄNZEND 86W WEISS
143807,5906717450075,UV LED GLÄNZENDE LAMPE 86W PINK
143808,5906717450082,UV LED LAMPE GLÄNZEND 86W LILA
142890,5906717449178,GABBIANO MOBILE FRISEURASSISTENTIN BARBIER V21 SCHWARZ
142964,5906717449406,GABBIANO FRISEURASSISTENT X11-9 SCHWARZ GRAFIK
142965,5906717449413,GABBIANO FRISEURASSISTENT X11-9 WEISS GRAFIK
142852,5906717449024,Elektrische Kosmetikliege  LUX WEISS BEHEIZT
141615,5906717448706,KOSMETIKTISCH 314 WEISS
144729,5903819814002,CLARESA Hybrid Politur CELEBRATION 1 -5g
144730,5903819814019,CLARESA Hybrid Politur CELEBRATION 2 -5g
144731,5903819814026,CLARESA Hybrid Politur CELEBRATION 3 -5g
144732,5903819814033,CLARESA Hybrid Politur CELEBRATION 4 -5g
144733,5903819814040,CLARESA Hybrid Politur CELEBRATION 5 -5g
144734,5903819814057,CLARESA Hybrid Politur CELEBRATION 6 -5g
144738,5903819814071,CLARESA Hybrid Politur CELEBRATION 8 -5g
144739,5903819814088,CLARESA Hybrid Politur CELEBRATION 9 -5g
144722,5900117974940,FARMONA TRYCHO TECHNOLOGY Specialized Haarreiben 200 ml
144745,5903819814101,CLARESA Gel Politur NEON 11 -5g
144746,5903819814118,CLARESA Gel Politur NEON 12 -5g
144747,5903819814125,CLARESA Gel Politur NEON 13 -5g
144748,5903819814095,CLARESA Gel Politur NEON 14 -5g
141602,5906717448676,GLOW 6019 BEHANDLUNGSLAMPE AUF STATIV
141603,5906717448683,Glow 6020 Kosmetiktischlampe
141606,5906717448690,LED LUPE GLOW 8021 FÜR REG ARBEITSPLATTE HELLE FARBE
142920,5906717449314,EINWEG-SEPARATOREN 10 STÜCK BERNSTEIN
143672,5906717450037,NAGELFRÄSER SPRINT 48 WEISS BASIC
143673,5906717450044,NAGELFRÄSER SPRINT 48 BASIC SCHWARZ
143078,5906717449772,SAKURA MASSAGESESSEL STANDARD 801 GRAU
143079,5906717449789,SAKURA MASSAGESESSEL STANDARD 801 BRAUN
137380,5906717442230,CLIPS METALLCLIPS E-19
142660,5906717448928,GABBIANO FRISEURASSISTENT L-121B
142661,5906717448935,TATTOO ASSISTANT PRO INK 121 SCHWARZ
143633,5906717449994,HOLSTERGÜRTEL FÜR SCHERE T14
143634,5906717449987,HOLSTERGÜRTEL FÜR FRISEURSCHERE T11 BRAUN
135840,5906717440540,WACHSWÄRMER FHC-E2052 500ML 100W WEISS
136907,5906717441554,PNEUMATISCHE HAARBÜRSTE SCHWARZ
137385,5906717442285,FRISEUREINSÄTZE E-64 36 STK. 6 CM GOLD
137402,5906717442452,BÜRSTENBARTKARTUSCHE H102
140790,5906717446108,MASSAGETISCHTASCHE COMFORT ACTIVFIZJO
141638,5906717448799,SPRINKLER LDPE 250 ML
141639,5906717448805,SPRINKLER LDPE 500 ML
141645,5906717448867,KOPFMASSAGEBÜRSTE PREMIUM
134800,5906717437465,Zange Jaw 12 Ocho Pro 01
134801,5906717437472,Zange Jaw 12 Ocho Pro 02
134802,5906717437489,"Zange 3,5 mm Ocho Pro 03"
134803,5906717437496,"Zange 3,5 mm Ocho Pro 04"
134804,5906717437502,"Zange 3,5 mm Ocho Pro 05"
134806,5906717437526,Zange Jaw 12 Ocho Pro 07
134807,5906717437533,Zange Jaw 12 Ocho Pro 08
134809,5906717437557,Zange Jaw 12 Ocho Pro 10
134810,5906717437564,OCHO PRO HUF 101
134811,5906717437571,OCHO PRO HUF 102
134812,5906717437588,OCHO PRO HUF 103
134813,5906717437595,OCHO PRO HUF 104
137379,5906717442223,FRISEURSCHNALLEN KROKODILKLEMMEN E-06 6 STK.
141640,5906717448812,Friseur-Sprühgerät PRO GOLD 300 ml
141641,5906717448829,UNTERLEGSCHEIBE A36 250 ML
141642,5906717448836,UNTERLEGSCHEIBE A36 500 ML
141644,5906717448850,Friseur-Sprühgerät PRO SCHWARZ 300ml
141664,5906717448898,SCHREIBTISCHLAMPE ELEGANTE LED SQUARE 804
143080,5906717449796,Sakura Massagesessel Luxury 808 schwarz-beige
144070,5906717450723,SAEYANG SH20N KOPF WEISS FÜR Marathon Nagelfraser
144706,5906717451881,"MEDIZINISCHER ABFALLBEHÄLTER 0,7 L ROT"
144707,5906717451911,MEDIZINISCHER ABFALLBEHÄLTER 5 L ROT
144708,5906717451898,MEDIZINISCHER ABFALLBEHÄLTER 1 L ROT
144709,5906717451904,MEDIZINISCHER ABFALLBEHÄLTER 2 L ROT
144771,5906717451973,EL CARTEL GRIP TAPE
144950,5906717452093,Hydrogen H2+ 6in1 WASSERSTOFFREINIGUNGSGERÄT + 3 Lotionen SYIS Hydro Coctail
144762,5906717451034,EL CARTEL V2 Tattoo Cartridges 0.18mm 5rl Long Taper 10stk.
144763,5906717451041,TATTOO Cartridge El Cartel 0.20mm 3RL Liner 10 stk.
142865,5906717449093,LAFOMED AUTOKLAV STANDARD LINE LFSS12AA MIT DRUCKER 12 L KL. B MEDICAL SCHWARZ
142866,5906717449109,LAFOMED AUTOKLAV STANDARD LINE LFSS08AA LED MIT DRUCKER 8 L KL. B MEDICAL SCHWARZ
144071,5906717450839,IWAX DIAMOND TECH WACHS WÄRMER WEISS
144072,5906717450846,iWAX DIAMOND WAX WÄRMER WEISS
144118,5906717450969,IWAX DIAMOND WAX WÄRMER SCHWARZ
144119,5906717450976,IWAX DIAMOND TECH WACHSWÄRMER SCHWARZ
146687,5903819814279,CLARESA Hybrid politur Festival Vibes 2 -5g
146688,5903819814286,CLARESA Hybrid politur Festival Vibes 3 -5g
146689,5903819814293,CLARESA Hybrid polnisch Festival Vibes 4 -5g
146690,5903819814309,CLARESA Hybrid polnisch Festival Vibes 5 -5g
146691,5903819814316,CLARESA Hybrid polnisch Festival Vibes 6 -5g
146686,5903819814262,CLARESA Hybrid politur Festival Vibes 1 -5g
146692,5903819814392,CLARESA OLIV MANGO 5 G
146693,5903819814385,CLARESA Oliven ERDBEERE 5 g
142892,5906717449185,GABBIANO Friseur waschbecken PRATO Gold - Schwarz
141663,5906717448881,LOCKENSTABROLLER FÜR LOCKIGES HAAR
144069,5906717450716,Elektrische Kosmetikliege SILLON LUX 273B 3 Motoren Grau
146208,5906717452109,ARMATUR FÜR FRISEUR AUTOWASCHANLAGE SCHWARZ
146694,5903819815924,CLARESA Gelpolitur DUSTY ROSE 1 -5g
146695,5903819815931,CLARESA Gelpolitur DUSTY ROSE 2 -5g
146696,5903819815948,CLARESA Gelpolitur DUSTY ROSE 3 -5g
146697,5903819815955,CLARESA Gelpolitur DUSTY ROSE 4 -5g
146698,5903819815962,CLARESA Gelpolitur DUSTY ROSE 5 -5g
146699,5903819815979,CLARESA Gelpolitur DUSTY ROSE 6 -5g
146700,5903819815986,CLARESA Gelpolitur DUSTY ROSE 7 -5g
146701,5903819815993,CLARESA Gelpolitur DUSTY ROSE 8 -5g
146757,5900117978634,FARMONA HAUTCREME MASKE BIRNENEXTRAKT Kremo - Körper- und Fußmaske 500 ml
146758,5900117978641,FARMONA HAUTCREME MASKE FOREST FRUITS Kremo - Körper- und Fußmaske 500 ml
143082,5906717449819,Sakura Massagesessel Comfort Plus 806 in Grau
123776,5906717413919,Alu Make-up Stuhl gold
140101,5906717445835,Basishocker ohne Räder (304)
146785,5900117978726,FARMONA TECHNOLOGY Feuchtigkeitsspendendes und straffendes Ultraschallgel 500 ml
146786,5900117978733,FARMONA TECHNOLOGY Radiofrequenz feuchtigkeitsspendendes und straffendes Gel 500 ml
143961,5906717450648,Gabbiano Friseurstuhl Bergamo schwarz
147045,5903819816006,CLARESA Gelpolitur PERFECT NUDE 1 -5g
147046,5903819816013,CLARESA Hybrid Politur PERFECT NUDE 2 -5g
147047,5903819816020,CLARESA Hybrid Politur PERFECT NUDE 3 -5g
147048,5903819816037,CLARESA Gelpolitur PERFECT NUDE 4 -5g
147049,5903819816044,CLARESA Gelpolitur PERFECT NUDE 5 -5g
147050,5903819816051,CLARESA Hybrid Politur PERFECT NUDE 6 -5g
147051,5903819816068,CLARESA Gelpolitur PERFECT NUDE 7 -5g
147052,5903819816075,CLARESA Hybrid Politur PERFECT NUDE 8 -5g
144131,6956540140253,Codos Rasierklinge CHC-980
144767,6956540140215,Codos Klinge für Rasiermesser CHC-331
144768,6956540140239,Codos Rasierklinge CHC-969
144769,6956540140123,"Codos Klinge für CHC-918, CHC-919 und T9 Rasierer"
144770,6956540140277,Codos Rasierklinge CHC-350
144073,5906717450853,Hand um Erlernen der Maniküre Nägel Tipps 35
144075,5906717450877,Trainingsfinger Für Tipps Übungen
144076,5906717450884,Maniküre-Übungsfinger
147076,5906717452697,Vakuummassageanzug weiße Größe S
147077,5906717452680,Vakuummassageanzug weiß Größe M
144081,5906717450938,EXO Basis Für Nagelbohrer
144080,5906717450921,Ocho Silikon-Clip-Abdeckung rosa
147109,5903819815665,Claresa Baugel Soft&Easy Gel natur 90g
147105,5903819815610,Claresa Baugel Soft&Easy Gel natur 45g
147101,5903819815566,Claresa Baugel Soft&Easy Gel natur 12g
147103,5903819815597,Claresa Baugel Soft&Easy Gel milchig rosa 12g
147107,5903819815641,Claresa Baugel Soft&Easy Gel milchig rosa 45g
147111,5903819815696,Claresa Baugel Soft&Easy Gel milchig rosa 90g
147100,5903819815559,Claresa Baugel Soft&Easy Gel klar 12g
147102,5903819815580,Claresa Baugel Soft&Easy Gel Baby rosa 12g
147104,5903819815603,Claresa Baugel Soft&Easy Gel klar 45g
147106,5903819815634,Claresa Baugel Soft&Easy Gel Baby rosa 45g
147108,5903819815658,Claresa Baugel Soft&Easy Gel clear 90g
147110,5903819815689,Claresa Baugel Soft&Easy Gel Baby rosa 90g
144074,5906717450860,Hand dum erlernen der Maniküre Nägel Tipps 95
147119,9003877905448,Flauschiger Reinigungsschaum RefectoCil Lash & Brow Foam 45 ml
147128,5906717452710,PRO-INK Rotary Tattoo Machine
144218,5906717451201,"SNIPPEX NAGELHAUTSCHIEBER PS7 12,3 CM"
144220,5906717451225,"SNIPPEX NAGELHAUTSCHIEBER PS16 12,5 CM"
144223,5906717451256,"SNIPPEX NAGELHAUTSCHIEBER PS24 14,3 CM"
144228,5906717451300,"SNIPPEX NAGELHAUTSCHIEBER PS57 12,6 CM"
144229,5906717451317,"SNIPPEX NAGELHAUTSCHIEBER PS58 12,6 CM"
147316,5903819816686,CLARESA Pretty Bloom Eau De Parfum 5ml
141646,5906717448874,Einweg-Friseur/Friseurumhang 120x150 cm 100 Stück
144210,5906717451126,HENNA MIXING PALETTE 50
144077,5906717450891,Flasche 10 (170 ml)
144078,5906717450907,Flasche 220 ml
142858,5906717449048,Rückenlehnenbezug aus Folie für Friseurstuhl
144129,5906717450983,IWAX Frottee-Handschuhe 2 Stck
144334,5906717451652,SEPARATOR-SCHAUM PEDIKÜREROLLEN 100 ST
144335,5906717451669,EXO PREMIUM-SEPARATOR AUS SCHAUMSTOFF PEDIKÜREROLLEN
144346,5906717451775,WERKZEUGSTERILISATOR DESINFEKTIONSBAD ​​W2
146997,5906717452529,Kosmetikstuhl 557A mit Regalen schwarz
147310,5903819816716,CLARESA Hautweichspüler 5g
144128,8421421106041,Quickepil flexible Einweg-strings 100 Stück
144130,5906717450990,KT Staubabsorber
144336,5906717451676,SCHAUM SEPARATOR 20 ST. 10 Paare
144341,5906717451720,SCHABLONE FÜR NÄGEL AUF RAD FÜR LACKE 50 WZ1
144342,5906717451737,SCHABLONE FÜR NÄGEL AUF RAD FÜR LACKE 50 WZ2
144345,5906717451768,SCHABLONE FÜR NÄGEL AUF RAD FÜR LACKE WZ23
144337,5906717451683,Nagellackzeige C40
144344,5906717451751,SET VON AUFBEWAHRUNGSBOXEN
144339,5906717451706,AUFBEWAHRUNGSBOX 45
144340,5906717451713,AUFBEWAHRUNGSBOX 50
144343,5906717451744,AUFBEWAHRUNGSBOX 55
144778,5906717452017,DUAL LED GLOW UV LAMPE S1 168W SILBER
144779,5906717452024,DUAL LED GLOW UV LAMPE S1 168W GOLD
144780,5906717452031,UV DUAL LED GLÜHLAMPE S1 168W ROSÉGOLD
146661,5906717452239,Glow Behandlungslampe für Wimpern MOMO MX6 weiß
146662,5906717452246,Behandlungslampe für Wimpern MOMO MX6 schwarz
144338,5906717451690,NAGELLACKDISPLAY C25
146706,5906717452307,Gabbiano Friseurstuhl Burgos schwarz
146707,5906717452314,Gabbiano Friseurstuhl Burgos grau
146702,5906717452260,Gabbiano Friseurstuhl Granda gold schwarz
146703,5906717452277,Gabbiano Friseurstuhl Granda goldgrau
146704,5906717452284,Gabbiano Friseurstuhl Malaga gold schwarz
146705,5906717452291,Gabbiano Friseurstuhl Malaga goldgrau
146708,5906717452321,Gabbiano Friseurstuhl Toledo gold schwarz
141140,5906717447860,Hydraulischer Kosmetikstuhl Basic 210 rosa
147009,5906717452536,Hydraulischer Kosmetikstuhl Basic 210 schwarz
144405,5906717451850,"EXO Kappenkappen für Cutter #120, 100 Stück"
144404,5906717451843,"EXO Kappenkappen für Cutter #80, 100 Stück"
144406,5906717451867,"EXO Kappenkappen für Cutter #180, 100 Stück"
144407,5906717451874,"EXO Kappenkappen für Cutter #240, 100 Stück"
146721,5906717452369,Lafomed Hülsenschweißmaschine F-3000P1
146710,5906717452345,Tattoo Stuhl PRO INK 973
146760,5906717452376,PODOLOGIEGERÄT Y-200 MAX SET
147811,5903819817805,CLARESA Hybridlack LOVE STORY 1 - 5g
147812,5903819817812,CLARESA Hybridlack LOVE STORY 2 - 5g
147813,5903819817829,CLARESA Hybridlack LOVE STORY 3 - 5g
147814,5903819817836,CLARESA Hybridlack LOVE STORY 4 - 5g
147815,5903819817843,CLARESA Hybridlack LOVE STORY 5 - 5g
147816,5903819817850,CLARESA Hybridlack LOVE STORY 6 - 5g
147817,5903819817867,CLARESA Hybridlack LOVE STORY 7 - 5g
147818,5903819817874,CLARESA Hybridlack LOVE STORY 8 - 5g
147819,5903819817881,CLARESA Hybridlack LOVE STORY 9 - 5g
147820,5903819817898,CLARESA Hybridlack LOVE STORY 10 - 5g
147843,5903819817553,Claresa Baugel Soft&Easy Glam Pink 12 g
147841,5903819817584,Claresa Baugel Soft&Easy glamourös pink 90g
147842,5903819817577,Claresa Baugel Soft&Easy Glam pink 45 g
147365,5906717453267,OCHO NAILS Hybrid-Nagellack black 002 -5 g
147366,5906717453274,OCHO NAILS Hybrid-Nagellack white 001 -5 g
147367,5906717453281,OCHO NAILS Hybrid-Nagellack red 201 -5 g
147368,5906717453298,OCHO NAILS Hybrid-Nagellack red 202 -5 g
147369,5906717453304,OCHO NAILS Hybrid-Nagellack red 203 -5 g
147370,5906717453311,OCHO NAILS Hybrid-Nagellack red 204 -5 g
147371,5906717453328,OCHO NAILS Hybrid-Nagellack red 205 -5 g
147372,5906717453335,OCHO NAILS Hybrid-Nagellack red 206 -5 g
147373,5906717453342,OCHO NAILS Hybrid-Nagellack red 207 -5 g
147374,5906717453359,OCHO NAILS Hybrid-Nagellack red 208 -5 g
147375,5906717453366,OCHO NAILS Hybrid-Nagellack red 209 -5 g
147376,5906717453373,OCHO NAILS Hybrid-Nagellack red 210 -5 g
147377,5906717453380,OCHO NAILS Hybrid-Nagellack red 211 -5 g
147378,5906717453397,OCHO NAILS Hybrid-Nagellack pink 301 -5 g
147379,5906717453403,OCHO NAILS Hybrid-Nagellack pink 302 -5 g
147380,5906717453410,OCHO NAILS Hybrid-Nagellack pink 303 -5 g
147381,5906717453427,OCHO NAILS Hybrid-Nagellack pink 304 -5 g
147382,5906717453434,OCHO NAILS Hybrid-Nagellack pink 305 -5 g
147383,5906717453441,OCHO NAILS Hybrid-Nagellack pink 306 -5 g
147384,5906717453458,OCHO NAILS Hybrid-Nagellack pink 307 -5 g
147385,5906717453465,OCHO NAILS Hybrid-Nagellack pink 308 -5 g
147386,5906717453472,OCHO NAILS Hybrid-Nagellack pink 309 -5 g
147388,5906717453496,OCHO NAILS Hybrid-Nagellack pink 311 -5 g
147389,5906717453502,OCHO NAILS Hybrid-Nagellack pink 312 -5 g
147390,5906717453519,OCHO NAILS Hybrid-Nagellack pink 313 -5 g
147391,5906717453526,OCHO NAILS Hybrid-Nagellack pink 314 -5 g
147392,5906717453533,OCHO NAILS Hybrid-Nagellack pink 315 -5 g
147393,5906717453540,OCHO NAILS Hybrid-Nagellack pink 316 -5 g
147394,5906717453557,OCHO NAILS Hybrid-Nagellack pink 317 -5 g
147395,5906717453564,OCHO NAILS Hybrid-Nagellack pink 318 -5 g
147397,5906717453588,OCHO NAILS Hybrid-Nagellack pink 320 -5 g
147398,5906717453595,OCHO NAILS Hybrid-Nagellack pink 321 -5 g
147399,5906717453601,OCHO NAILS Hybrid-Nagellack violet 401 -5 g
147400,5906717453618,OCHO NAILS Hybrid-Nagellack violet 402 -5 g
147401,5906717453625,OCHO NAILS Hybrid-Nagellack violet 403 -5 g
147402,5906717453632,OCHO NAILS Hybrid-Nagellack violet 404 -5 g
147403,5906717453649,OCHO NAILS Hybrid-Nagellack violet 405 -5 g
147405,5906717453663,OCHO NAILS Hybrid-Nagellack violet 407 -5 g
147408,5906717453694,OCHO NAILS Hybrid-Nagellack violet 410 -5 g
147409,5906717453700,OCHO NAILS Hybrid-Nagellack violet 411 -5 g
147411,5906717453724,OCHO NAILS Hybrid-Nagellack blue 502 -5 g
147412,5906717453731,OCHO NAILS Hybrid-Nagellack blue 503 -5 g
147413,5906717453748,OCHO NAILS Hybrid-Nagellack blue 504 -5 g
147414,5906717453755,OCHO NAILS Hybrid-Nagellack blue 505 -5 g
147417,5906717453786,OCHO NAILS Hybrid-Nagellack blue 508 -5 g
147418,5906717453793,OCHO NAILS Hybrid-Nagellack blue 509 -5 g
147421,5906717453823,OCHO NAILS Hybrid-Nagellack blue 512 -5 g
147422,5906717453830,OCHO NAILS Hybrid-Nagellack gray 602 -5 g
147424,5906717453854,OCHO NAILS Hybrid-Nagellack gray 603 -5 g
147427,5906717453885,OCHO NAILS Hybrid-Nagellack gray 606 -5 g
147428,5906717453892,OCHO NAILS Hybrid-Nagellack gray 607 -5 g
147429,5906717453908,OCHO NAILS Hybrid-Nagellack green 701 -5 g
147431,5906717453922,OCHO NAILS Hybrid-Nagellack green 703 -5 g
147432,5906717453939,OCHO NAILS Hybrid-Nagellack green 704 -5 g
147434,5906717453953,OCHO NAILS Hybrid-Nagellack green 706 -5 g
147435,5906717453960,OCHO NAILS Hybrid-Nagellack green 707 -5 g
147436,5906717453977,OCHO NAILS Hybrid-Nagellack green 708 -5 g
147439,5906717454004,OCHO NAILS Hybrid-Nagellack green 711 -5 g
147440,5906717454011,OCHO NAILS Hybrid-Nagellack brown 801 -5 g
147441,5906717454028,OCHO NAILS Hybrid-Nagellack brown 802 -5 g
147442,5906717454035,OCHO NAILS Hybrid-Nagellack brown 803 -5 g
147444,5906717454059,OCHO NAILS Hybrid-Nagellack brown 805 -5 g
147445,5906717454066,OCHO NAILS Hybrid-Nagellack brown 806 -5 g
147446,5906717454073,OCHO NAILS Hybrid-Nagellack brown 807 -5 g
147447,5906717454080,OCHO NAILS Hybrid-Nagellack brown 808 -5 g
147448,5906717454097,OCHO NAILS Hybrid-Nagellack nude N01 -5 g
147449,5906717454103,OCHO NAILS Hybrid-Nagellack nude N02 -5 g
147450,5906717454110,OCHO NAILS Hybrid-Nagellack nude N03 -5 g
147452,5906717454134,OCHO NAILS Hybrid-Nagellack nude N05 -5 g
147453,5906717454141,OCHO NAILS Hybrid-Nagellack nude N06 -5 g
147455,5906717454165,OCHO NAILS Hybrid-Nagellack nude N08 -5 g
147456,5906717454172,OCHO NAILS Hybrid-Nagellack nude N09 -5 g
147457,5906717454189,OCHO NAILS Hybrid-Nagellack nude N10 -5 g
147458,5906717454196,OCHO NAILS Hybrid-Nagellack nude N11 -5 g
147459,5906717454202,OCHO NAILS Hybrid-Nagellack nude N12 -5 g
147460,5906717454219,OCHO NAILS Hybrid-Nagellack glitter G01 -5 g
147461,5906717454226,OCHO NAILS Hybrid-Nagellack glitter G02 -5 g
147462,5906717454233,OCHO NAILS Hybrid-Nagellack glitter G03 -5 g
147463,5906717454240,OCHO NAILS Hybrid-Nagellack glitter G04 -5 g
147464,5906717454257,OCHO NAILS Hybrid-Nagellack glitter G05 -5 g
147465,5906717454264,OCHO NAILS Hybrid-Nagellack glitter G06 -5 g
147466,5906717454271,OCHO NAILS Hybrid-Nagellack glitter G07 -5 g
147467,5906717454288,OCHO NAILS Hybrid-Nagellack glitter G08 -5 g
147468,5906717454295,OCHO NAILS Hybrid-Nagellack glitter G09 -5 g
147469,5906717454301,OCHO NAILS Hybrid-Nagellack glitter G10 -5 g
147470,5906717454318,OCHO NAILS Hybrid-Nagellack glitter G11 -5 g
147471,5906717454325,OCHO NAILS Hybrid-Nagellack fluo F01 -5 g
147472,5906717454332,OCHO NAILS Hybrid-Nagellack fluo F02 -5 g
147473,5906717454349,OCHO NAILS Hybrid-Nagellack fluo F03 -5 g
147474,5906717454356,OCHO NAILS Hybrid-Nagellack fluo F04 -5 g
147475,5906717454363,OCHO NAILS Hybrid-Nagellack fluo F05 -5 g
147476,5906717454370,OCHO NAILS Hybrid-Nagellack fluo F06 -5 g
147477,5906717454387,OCHO NAILS Hybrid-Nagellack fluo F07 -5 g
147478,5906717454394,OCHO NAILS Hybrid-Nagellack fluo F08 -5 g
147479,5906717454400,OCHO NAILS Hybrid-Nagellack fluo F09 -5 g
147480,5906717454417,OCHO NAILS Hybrid-Nagellack fluo F10 -5 g
147500,5906717454615,OCHO NAILS Base 101 -5 g
147501,5906717454622,OCHO NAILS Base plus 102 -5 g
147502,5906717454639,OCHO NAILS Flex base 150 -5 g
147505,5906717454660,OCHO NAILS Flex base 153 -5 g
147506,5906717454677,OCHO NAILS Flex base 154 -5 g
147509,5906717454707,OCHO NAILS Flex base 157 -5 g
147514,5906717454752,OCHO NAILS Flex base 162 -5 g
147515,5906717454769,OCHO NAILS Diamonds top no wipe 110 -5 g
147516,5906717454776,OCHO NAILS matt top no wipe 111 -5 g
147517,5906717454783,OCHO NAILS Glossy top 112 -5 g
147518,5906717454790,OCHO NAILS Oil cherry 130 -5 ml
147519,5906717454806,OCHO NAILS Oil cherry 131 -5 ml
147520,5906717454813,OCHO NAILS Oil mango 132 -5 ml
147522,5906717454837,OCHO NAILS Gel pink -30 g
147524,5906717454851,OCHO NAILS Gel clear -30 g
147526,5906717454875,OCHO NAILS Gel light pink -30 g
147528,5906717454899,OCHO NAILS Gel cover -30 g
147529,5906717454905,OCHO NAILS Vitamins säurefreie Primer 120 -5g
147530,5906717454912,OCHO NAILS Cuticle remover 121 -5g
147192,5906717452796,UV LED Lampe Ocho Nails 8 weiß 84W
147193,5906717452802,UV LED Lampe Ocho Nails 8 schwarz 84W
146711,5906717452352,Lafomed Autoklav LFSS03AA LCD 3 L Klasse B medizinisch schwarz
147250,5906717452888,Kosmetikstuhl 557G mit Küvetten schwarz
147251,5906717452895,Kosmetikstuhl 557G mit Küvetten weiß
147205,5906717452864,Nagelfräser OCHO TECHNIC 65W weiß
147206,5906717452871,Nagelfraser OCHO TECHNIC 65W schwarz
147188,5906717452758,Sillon Kosmetikstuhl mit Küvetten schwarz
147852,5900117979839,Farmona IDEAL PROTECT Feuchtigkeitsspendende Schutzcreme SPF50 50ml
146833,5906717437038,Gabbiano Friseurassistent C12 schwarz
147488,5906717454493,OCHO NAILS Hybrid-Nagellack rainbow R01 -5 g
147489,5906717454509,OCHO NAILS Hybrid-Nagellack rainbow R02 -5 g
147490,5906717454516,OCHO NAILS Hybrid-Nagellack rainbow R03 -5 g
147491,5906717454523,OCHO NAILS Hybrid-Nagellack rainbow R04 -5 g
147492,5906717454530,OCHO NAILS Hybrid-Nagellack rainbow R05 -5 g
147493,5906717454547,OCHO NAILS Hybrid-Nagellack rainbow R06 -5 g
147494,5906717454554,OCHO NAILS Hybrid-Nagellack rainbow R07 -5 g
147495,5906717454561,OCHO NAILS Hybrid-Nagellack rainbow R08 -5 g
147496,5906717454578,OCHO NAILS Hybrid-Nagellack rainbow R09 -5 g
147497,5906717454585,OCHO NAILS Hybrid-Nagellack rainbow R10 -5 g
147498,5906717454592,OCHO NAILS Hybrid-Nagellack rainbow R11 -5 g
147499,5906717454608,OCHO NAILS Hybrid-Nagellack rainbow R12 -5 g
147888,5906717455315,Tattoo Cartridge EL CARTEL V2 0.25 3RL Long Taper 10stk.
147889,5906717455322,Tattoo Cartridge EL CARTEL V2 0.25 5RLL Liner 10stk.
147890,5906717455339,Tattoo Cartridge EL CARTEL V2 0.25 7RL Long Taper 10stk.
147891,5906717455346,Tattoo Cartridge EL CARTEL V2 0.30 1RL Long Taper 10stk.
147892,5906717455353,Tattoo Cartridge EL CARTEL V2 0.30 3RL Long Taper 10stk.
147893,5906717455360,Tattoo Cartridge EL CARTEL V2 0.30 5RL Long Taper 10stk.
147895,5906717455384,Tattoo Cartridge EL CARTEL V2 0.30 9RL Medium taper 10stk.
147901,5906717455445,Tattoo Cartridge EL CARTEL V2 0.35 5RL Medium taper 10stk.
147902,5906717455452,Tattoo Cartridge EL CARTEL V2 0.35 7RL Medium taper 10stk.
147903,5906717455469,Tattoo Cartridge EL CARTEL V2 0.35 9RL Medium taper 10stk.
147912,5906717455551,Tattoo Cartridge EL CARTEL V2 0.30 mm 7RS Shader 10stk.
147919,5906717455629,Tattoo Cartridge EL CARTEL V2 0.35 mm 7RS Shader 10stk.
148077,5906717456602,Tattoo Cartridge EL CARTEL V2 0.30 7RL Long Taper 10stk.
148078,5906717456459,Tattoo Cartridge EL CARTEL V2 0.18 3RL Long Taper 10stk.
133253,5906717435652,Haarkrabben E-54 12 Stück
147563,5906717454936,Wandhalterung für Haartrockner Q96 schwarz
147018,5906717452581,Giovanni Vapozone D-20 schwarz
147019,5906717452598,Giovanni Vapozone D-20 weiß
147020,5906717452604,Giovanni Vapozone mit Lupenleuchte D-21 schwarz
147021,5906717452611,Giovanni Vapozone mit Lupenleuchte D-21 weiß
147259,5906717452918,Elektrische Kosmetikliege SILLON LUX 273B 3 Motoren Schwarz
147870,5906717456022,iWAX 100 Wachswärmer pink
147871,5906717456039,iWAX 100 Wachswärmer schwarz
147872,5906717456046,iWAX 100 Wachswärmer weiß
148193,5906717421938,PODOLOGIEGERÄT Y-300 set max
147129,5906717452727,Momo J-23 Gold Kassette Staubabsorber
147331,5906717453205,UV-C-Sterilisator Germix single HQ
148025,5906717456695,Marathon Olimp Staubabsorber 65W
147022,5906717452628,Gabbiano Friseurassistentin 68A schwarz
147023,5906717452635,Gabbiano Friseurwagen 68B schwarz
147025,5906717452659,Gabbiano Friseurwagen mit UV-Sterilisator 68UV schwarz
148095,5900117980217,Farmona Filler & Lifting Creme 150 ml
148089,5900117980156,Farmona Filler & Lifting-Abschminkmilch 500 ml
148091,5900117980170,Farmona Spachtelmasse & Lifting-Säure-Peeling Lifting 200 g
148092,5900117980187,Farmona Filler & Lifting Massagecreme 280 ml
148094,5900117980200,Farmona Filler & Lifting Lifting-Maske 200 ml
148083,5900117980316,Farmona Hautpeeling aromatisches Pflaumen-Körper- und Fußpeeling Pflaume 500 g
148085,5900117980330,Farmona Hautpeeling Pfingstrosenessenz Körper- und Fußpeeling Pfingstrose 500 g
148086,5900117980347,Farmona Hautcreme-Maske aromatische Pflaumen-Creme-Maske für Körper und Füße Pflaume 500 ml
148088,5900117980361,Farmona Hautcrememaske Pfingstrosenessenz Creme-Maske für Körper und Füße Pfingstrose 500 ml
148090,5900117980163,Farmona Filler &Lifting Lifting-Tonikum 500 ml
148093,5900117980194,Farmona Filler &Lifting Lifting-Serum 30 ml
147252,5906717452901,Ultraschallreiniger ACD-3840 Kapazität 0.6 L 31 W Weiß
148013,5906735706017,Barbicide König Talkum Talk für Haut Modern 200 g
148014,5906735706024,Barbicide King Talkum für Haut 200 g
147024,5906717452642,Gabbiano Friseurwagen 68C schwarz
148216,5906717457593,OCHO NAILS Hybrid-Starterkit 2
148217,5906717457609,OCHO NAILS Hybrid-Starterkit 3
148218,5906717457616,OCHO NAILS Hybrid-Starterkit 4
148220,5906717457630,OCHO NAILS Hybrid-Starterkit 6
148215,5906717457586,OCHO NAILS Hybrid-Starterkit 1
148219,5906717457623,OCHO NAILS Hybrid-Starterkit 5
148221,5906717457647,OCHO NAILS Hybrid-Starterkit 7
148222,5906717457654,OCHO NAILS Hybrid-Starterkit 8
147320,5906717452963,Sakura Massagesessel Classic 305 schwarz
147321,5906717452970,Sakura Massagesessel Classic 305 blau
147322,5906717452987,Sakura Massagesessel Classic 305 braun
147867,5906717455995,Maniküre Kissen rosa
147868,5906717456008,Maniküre Kissen silber
147869,5906717456015,Maniküre Kissen schwarz
147887,5906717455308,Tattoo Cartridge EL CARTEL V2 0.25 1RL Long Taper 10stk.
147894,5906717455377,Tattoo Cartridge EL CARTEL V2 0.30 7RL Medium taper 10stk.
147896,5906717455391,Tattoo Cartridge EL CARTEL V2 0.30 11RL Medium taper 10stk.
147897,5906717455407,Tattoo Cartridge EL CARTEL V2 0.30 14RL Medium taper 10stk.
147898,5906717455414,Tattoo Cartridge EL CARTEL V2 0.30 18RLM 10stk.
147899,5906717455421,Tattoo Cartridge EL CARTEL V2 0.35 1RLM 10stk.
147900,5906717455438,Tattoo Cartridge EL CARTEL V2 0.35 3RL Medium taper 10stk.
147904,5906717455476,Tattoo Cartridge EL CARTEL V2 0.35 11RL Medium taper 10stk.
147905,5906717455483,Tattoo Cartridge EL CARTEL V2 0.35 14RL Medium taper 10stk.
147906,5906717455490,Tattoo Cartridge EL CARTEL V2 0.25 3RS 10stk.
147907,5906717455506,Tattoo Cartridge EL CARTEL V2 0.25 5RS 10stk.
147908,5906717455513,Tattoo Cartridge EL CARTEL V2 0.25 7RS 10stk.
147909,5906717455520,Tattoo Cartridge EL CARTEL V2 0.25 11RS 10stk.
147910,5906717455537,Tattoo Cartridge EL CARTEL V2 0.30 3RS 10stk.
147911,5906717455544,Tattoo Cartridge EL CARTEL V2 0.30 5RS 10stk.
147913,5906717455568,Tattoo Cartridge EL CARTEL V2 0.30 9RS 10stk.
147914,5906717455575,Tattoo Cartridge EL CARTEL V2 0.30 11RS 10stk.
147915,5906717455582,Tattoo Cartridge EL CARTEL V2 0.30 14RS 10stk.
147916,5906717455599,Tattoo Cartridge EL CARTEL V2 0.30 18RS 10stk.
147917,5906717455605,Tattoo Cartridge EL CARTEL V2 0.35 3RS 10stk.
147918,5906717455612,Tattoo Cartridge EL CARTEL V2 0.35 5RS 10stk.
147920,5906717455636,Tattoo Cartridge EL CARTEL V2 0.35 11RS 10stk.
147921,5906717455643,Tattoo Cartridge EL CARTEL V2 0.35 14RS 10stk.
147923,5906717455667,Tattoo Cartridge EL CARTEL V2 0.30 7RM LongTaper 10stk.
147924,5906717455674,Tattoo Cartridge EL CARTEL V2 0.30 9RM LongTaper 10stk.
147925,5906717455681,Tattoo Cartridge EL CARTEL V2 0.30 11RM ShortTaper 10stk.
147926,5906717455698,Tattoo Cartridge EL CARTEL V2 0.30 13RM ShortTaper 10stk.
147927,5906717455704,Tattoo Cartridge EL CARTEL V2 0.30 15RM LongTaper 10stk.
147928,5906717455711,Tattoo Cartridge EL CARTEL V2 0.30 17RM ShortTaper 10stk.
147929,5906717455728,Tattoo Cartridge EL CARTEL V2 0.30 27RM ShortTaper 10stk.
147930,5906717455735,Tattoo Cartridge EL CARTEL V2 0.35 9RM LongTaper 10stk.
147931,5906717455742,Tattoo Cartridge EL CARTEL V2 0.35 11RM ShortTaper 10stk.
147932,5906717455759,Tattoo Cartridge EL CARTEL V2 0.35 13RM ShortTaper 10stk.
147933,5906717455766,Tattoo Cartridge EL CARTEL V2 0.35 15RM LongTaper 10stk.
147934,5906717455773,Tattoo Cartridge EL CARTEL V2 0.35 23RM ShortTaper 10stk.
147935,5906717455780,Tattoo Cartridge EL CARTEL V2 0.25 7RM LongTaper 10stk.
147936,5906717455797,Tattoo Cartridge EL CARTEL V2 0.25 9RM LongTaper  10stk.
147937,5906717455803,Tattoo Cartridge EL CARTEL V2 0.25 11RM LongTaper 10stk.
147938,5906717455810,Tattoo Cartridge EL CARTEL V2 3 InRow 0.25 3RL Long Taper 10 stk.
147939,5906717455827,Tattoo Cartridge EL CARTEL V2 - 3 InRow 0.30 3RL Long Taper 10 stk.
147940,5906717455834,Tattoo Cartridge EL CARTEL V2 - 3 InRow 0.35 3RL Long Taper 10 stk.
147941,5906717455841,Tattoo Cartridge EL CARTEL V2 - 4 InRow 0.25 3RL Long Taper 10 stk.
147942,5906717455858,Tattoo Cartridge EL CARTEL V2 - 4 InRow 0.30 3RL Long Taper 10 stk.
147943,5906717455865,Tattoo Cartridge EL CARTEL V2 - 4 InRow 0.35 3RL Long Taper 10 stk
147944,5906717455872,Tattoo Cartridge EL CARTEL V2 - 5 InRow 0.25 3RL Long Taper 10 stk.
147945,5906717455889,Tattoo Cartridge EL CARTEL V2 - 5 InRow 0.30 3RL  Long Taper 10 stk.
147946,5906717455896,Tattoo Cartridge EL CARTEL V2 - 5 InRow 0.35 3RL Long Taper 10 stk.
147947,5906717455902,Tattoo Cartridge EL CARTEL V2 - 6 InRow 0.25 3RL Long Taper 10 stk.
147948,5906717455919,Tattoo Cartridge EL CARTEL V2 - 6 InRow 0.30 3RL Long Taper 10 stk.
147949,5906717455926,Tattoo Cartridge EL CARTEL V2 - 6 InRow 0.35 3RL Long Taper 10 stk.
148174,5906717457678,Saeyang Marathon Cyclone-Vac Nagelfräser mit Absorber
148265,5906717457548,"EL CARTEL GRIP TAPE Logo 4,5m x 5cm"
148266,5906717457555,"EL CARTEL GRIP TAPE Text 4,5m x 5cm"
148270,5906717457562,EL CARTEL disposable cartridge tube
148298,5906717458330,Elektrische Kosmetikliege SILLON Lux 273b + Hocker 304 Schwarz
147041,5906717452550,PRO INK Schutzfolie für Flaschen
147042,5906717452567,PRO INK clipcord foil
147246,5906717452543,PRO INK Quadratische Folie
147249,5906717452574,PRO INK Pen machine foil 500 stk.
147956,5906717456237,"Glas Vase 1101, 1102, 1105, 1106, 1107"
147267,5906717453007,UV LED Lampe Glow V1 blau 168W
147268,5906717453014,UV LED Glow V1 Gold Lampe 168W
147278,5906717453113,Bürste zum Entfernen von Muschelstaub
148302,5900117981245,Farmona einzigartige hautwirksame normalisierende Creme mit Zink PCA 50 ml
148299,5900117981238,Farmona einzigartige Hautaufhellungscreme mit Vitamin C 50 ml
148300,5900117981214,Farmona einzigartige hautintensive Feuchtigkeitscreme mit Peptiden 50 ml
148301,5900117981221,Farmona einzigartige hautaktive stärkende Nachtcreme mit Bioretinol 50 ml
148303,5900117981252,Farmona einzigartige hautwirksame Lifting-Creme TENS'UP 50 ml
148304,5900117981269,Farmona einzigartige hautglättende Creme mit Niacinamid 50 ml
147269,5906717453021,UV-LED-Lampe Glow F2 SP 220W
147270,5906717453038,UV LED-Lampe Glow F2 BP 220W
147271,5906717453045,UV-LED-Lampe Glow F2 RP 220W
147272,5906717453052,UV-LED-Lampe Glow F2 ZN 220W
147273,5906717453069,UV-LED-Lampe Glow F2 RN 220W
147274,5906717453076,UV LED Glow F2 RC Lampe 220W
147275,5906717453083,Zahnbürste für Cutter D-13-1
147276,5906717453090,Schneidbürste D-13
147277,5906717453106,Pinsel für Dekorationen
147482,5906717454431,OCHO NAILS Hybrid-Nagellack pastels P05 -5 g
147483,5906717454448,OCHO NAILS Hybrid-Nagellack pastels P01 -5 g
147484,5906717454455,OCHO NAILS Hybrid-Nagellack pastels P02 -5 g
147485,5906717454479,OCHO NAILS Hybrid-Nagellack pastels P04 -5 g
147486,5906717454462,OCHO NAILS Hybrid-Nagellack pastels P06 -5 g
147487,5906717454486,OCHO NAILS Hybrid-Nagellack pastels P07 -5 g
147801,5906717455025,Kassetten- Staubabsorber MOMO J007
148187,5906717457227,Elektrische Kosmetikliege SILLON LUX 273B 3 Motoren Grau graue Basis
148267,5906717457517,INK CUPS M 1000 stk.
148268,5906717457524,INK CUPS L 1000 stk.
148269,5906717457531,INK CUPS XL 1000 stk.
147799,5906717455001,Activ Power Nagelfraser J202 weiß 65W
147800,5906717455018,Activ Power Nagelfraser J202 schwarz 65W
148323,5903819818949,CLARESA Hybridlack French Time 1 -5g
148324,5903819818956,CLARESA Hybridlack French Time 2 -5g
148325,5903819818963,CLARESA Hybridlack French Time 3 -5g
148326,5903819818970,CLARESA Hybridlack French Time 4 -5g
148327,5903819818987,CLARESA Hybridlack French Time 5 -5g
148328,5903819818994,CLARESA Hybridpolitur French Time 6 -5g
148329,5903819819007,CLARESA Hybridlack French Time 7 -5g
148330,5903819819014,CLARESA Hybridlack French Time 8 -5g
148335,5903819820140,CLARESA Hybridlack Voller Farben 1 -5g
148336,5903819820157,CLARESA Hybridlack Voller Farben 2 -5g
148337,5903819820164,CLARESA Hybridlack Voller Farben 3 -5g
148338,5903819820171,CLARESA Hybridlack Voller Farben 4 -5g
148339,5903819820188,CLARESA Hybridlack Voller Farben 5 -5g
148340,5903819820195,CLARESA Hybridlack Voller Farben 6 -5g
148341,5903819820201,CLARESA Hybridlack Voller Farben 7 -5g
148098,5906717457043,Sakura Massagesessel Standard 801 schwarz-rot
148024,5901810049737,Apis-Essenz in Vitamin C 10% 30 ml
148256,5901810049720,Apis Gesichtsschutzcreme LSF 50 100 ml
147324,5906717453199,Gabbiano Friseurstuhl Lille gold schwarz
147565,5906717454943,Saeyang Filterset für Cyclon Nagelfräser
148362,5903819820546,Claresa Aufbaugel Soft&Easy Gel hellbeige 45g
148363,5903819820508,Claresa Aufbaugel Soft&Easy Gel hellbeige 12g
148352,5903819820553,Claresa Aufbaugel Soft&Easy Gel Milch weiß 90g
148353,5903819820515,Claresa Aufbaugel Soft&Easy Gel Milch weiß 45g
148354,5903819820478,Claresa Aufbaugel Soft&Easy Gel Milch weiß 12g
148355,5903819820560,
148356,5903819820522,Claresa Aufbaugel Soft&Easy Gel Panna Cotta 45g
148357,5903819820485,Claresa Aufbaugel Soft&Easy Gel Panna Cotta 12g
148358,5903819820577,Claresa Aufbaugel Soft&Easy Gel süßer Zucker 90g
148359,5903819820539,Claresa Aufbaugel Soft&Easy Gel süßer Zucker 45g
148360,5903819820492,Claresa Aufbaugel Soft&Easy Gel süßer Zucker 12g
148361,5903819820584,Claresa Aufbaugel Soft&Easy Gel hellbeige 90g
148385,5903819820737,CLARESA POWER BASE 01 - 5G
148386,5903819820744,CLARESA POWER BASE 02 - 5G
148387,5903819820751,CLARESA POWER BASE 03 - 5G
148388,5903819820768,CLARESA POWER BASE 04 - 5G
148389,5903819820775,CLARESA POWER BASE 05 - 5G
147863,5906717455957,Gabbiano Rezeption G26W Weiß
148371,5600450615028,Capillus Ulltraliss Forte Ampullen 10 ml
148374,5600450614892,Capillus Serum Ultraliss Forte 500 ml
142875,5600450606675,"Capillus Ultraliss Nanoplastia, Reinigungsshampoo, Schritt 1, 400ml"
142876,5600450603032,"Capillus Ultraliss Nanoplastia, Serum, Schritt 2, 400ml"
142877,5600450612423,"Capillus Ultraliss Nanoplastia, feuchtigkeitsspendende Lotion, Schritt 3, 400ml"
148471,5906717458842,Satz von Cuttern Exo Podo Set
148380,5901810050344,Apis Api-Podo Intensiv weichmachende Fußperlen mit AHA und BHA 800g
148381,5901810050351,"Apis Api-Podo Intense Intensive glättende Creme für trockene Füße, die zu rissigen Fersen neigen, 500ml"
148382,5901810050337,Apis Api-Podo Intensives Peeling-Fußpeeling mit AHA und Harnstoff 700g
148397,5901810050481,Apis Api-Podo Intense Regenerierendes Kollagenkonzentrat für die Nägel 30 ml
148383,5901810050368,Apis Api-Podo Intensive Regenerierende Salbe für trockene und rissige Fersen 100ml
148384,5901810050375,"Apis Api-Podo Intensives Fußweichmacher-Spray mit AHA, BHA und Harnstoff 25% 300ml"
147825,5906717455131,4Rico Kosmetikhocker QS-B313a samtgrau
147826,5906717455148,4Rico Barhocker QS-B313a samt schwarz
147827,5906717455155,4Rico Barhocker QS-B313a Samt marineblau
147828,5906717455162,4Rico Barhocker QS-B313a samtgrün
147832,5906717455209,4Rico Kosmetikstuhl QS-185 weiß
147833,5906717455216,4Rico Kosmetikstuhl QS-185 schwarz
147834,5906717455223,4Rico Kosmetikstuhl QS-185 grau
147835,5906717455230,4Rico Kosmetikstuhl QS-186 samt grau
147836,5906717455247,4Rico Kosmetikstuhl QS-186 Samt schwarz
147837,5906717455254,4Rico Kosmetikstuhl QS-186 Samt marineblau
147838,5906717455261,4Rico Kosmetikstuhl QS-186 Samt grün
148029,5906717456732,GLOW Maniküre Lampe ARCHE II Weiß
147323,5906717452994,Gabbiano Friseurwaschanlage Lille-M gold schwarz
148166,5906717457142,Gabbiano Hocker Fine Silver
148127,5906717457135,Gabbiano Hocker Fine Gold
147997,5906717456466,EXO Aufsatzscheibe aus Stahl 15 mm
147998,5906717456473,EXO Aufsatzscheibe aus Stahl 20 mm
147999,5906717456480,EXO Schleifaufsatz 15mm 80
148000,5906717456497,EXO Schleifaufsatz 15mm 100
148001,5906717456503,EXO Schleifaufsatz 15mm 120
148002,5906717456510,EXO Schleifaufsatz 15mm 150
148003,5906717456527,EXO Schleifaufsatz 15mm 180
148004,5906717456534,EXO Schleifaufsatz 15mm 240
148005,5906717456541,EXO Schleifaufsatz 20mm 80
148006,5906717456558,EXO Schleifaufsatz 20mm 100
148007,5906717456565,EXO Schleifaufsatz 20mm 120
148008,5906717456572,EXO Schleifaufsatz 20mm 150
148009,5906717456589,EXO Schleifaufsatz 20mm 180
148010,5906717456596,EXO Schleifaufsatz 20mm 240
148455,5906717458415,Tattoo Cartridge EL CARTEL V2 0.35 9RL Long Taper 10stk.
148457,5906717457920,Tattoo Cartridge EL CARTEL V2 0.35 3RL Long Taper 10stk.
148458,5906717457937,Tattoo Cartridge EL CARTEL V2 0.35 5RL Long Taper 10stk.
148460,5906717458378,Tattoo Cartridge EL CARTEL V2 0.30 9RL Long Taper 10stk.
148394,5906717458484,Syis Hyaluron-Algen-Maske 500 ml
148395,5906717458477,Syis Antioxidative Algenmaske 500 ml
148396,5906717458491,Syis Neuropeptid Algenmaske 500 ml
147958,5906717456251,Satz Fräser EXO Mani Mix
148132,5906717457173,"Ultraschallreiniger AD-3000, Fassungsvermögen 0,45 l, 26 W, Weiß"
148133,5906717457180,"Ultraschallreiniger AD-3000, Fassungsvermögen 0,45 l, 35W, Schwarz"
148011,5906717456619,ELEGANTE Handtuchwärmer E18 400W
147992,5906717456282,Glow MX3 Arbeitsplatten-OP-Leuchte schwarz
147993,5906717456275,Glow MX3 Arbeitsplattenleuchte weiß
148030,5906717456299,Friseurstuhl Burgos Schwarz Gold
148031,5906717456305,Friseurstuhl Burgos Gold Grau
148034,5906717456336,Friseurstuhl Gabbiano Turyn Schwarz Gold
148052,5906717456800,Friseurstuhl Gabbiano Morena old Braun
148053,5906717456817,Friseurstuhl Gabbiano Morena Schwarz
148054,5906717456824,Friseurstuhl Gabbiano Roma Schwarz
148055,5906717456831,Friseurstuhl Gabbiano Roma old Braun
148058,5906717456862,Friseurstuhl Gabbiano Modena Schwarz
148059,5906717456879,Friseurstuhl Gabbiano Modena old Braun
148060,5906717456886,Friseurstuhl Gabbiano Marbella Schwarz
148061,5906717456893,Friseurstuhl Gabbiano Linz NQ Gold Weiß
148465,5906717458460,Tattoo Cartridge EL CARTEL V2 0.35 mm 9RS Shader 10stk.
148485,5903819820911,CLARESA Hybrid Nagellack So einfach 1- 5g
148489,5903819820959,CLARESA Hybrid Nagellack So einfach 5- 5g
148488,5903819820942,CLARESA Hybrid Nagellack So einfach 4- 5g
148486,5903819820928,CLARESA Hybrid Nagellack So einfach 2- 5g
148487,5903819820935,CLARESA Hybrid Lack So einfach 3- 5g
148343,5906717458354,Lafomed Silikondichtung für Autoklaven 3 L
147822,5906717455117,Pro Ink 718 Pink Tattoo Armlehne
147821,5906717455100,Minischrank 969 weiß
147823,5906717455124,Saeyang Nagelfräser Marathon K35 mini weiß + H200
148479,5906717459016,Saeyang SH37N Kopf für Marathon- Nagelfräser
148065,5906717456930,Friseurhocker L005S Schwarz
148064,5906717456923,Friseur-Fußstutze L005S gold
148066,5906717456947,Friseurhocker L008B Schwarz
147299,5906717452949,EXO Cutter Stand 2
147798,5906717454998,Activ Power Nagelfräser N20 weiß
148076,5906717457005,Einweg-Behandlungsschlingen 20 Stk. 70 x 40 cm weiße Herzen
148310,8421421107826,Depilflachs-Jadeperlen 1 kg
148311,8421421107857,Depilflachs Goldperle 1 kg
148069,5906717456978,Gold Friseurwaschbatterie
147186,5906717452734,Friseur Mobilteil Schwarz
148070,5906717457494,Gold Friseur Mobilteil Groß
148071,5906717457500,Golden Friseur Waschen Handset klein
147883,5906717456152,EXO Bufer 7-Seiten-Poliermaschine BR4 180/240/320/400/600/1200/3000
147884,5906717456169,EXO Bufer 3-Seiten-Polierer br-5 10 Stück
147885,5906717456176,EXO Bufer 3-Seiten-Poliermaschine br-6
147886,5906717456183,EXO Bufer 4-Seiten-Poliermaschine br-7
148365,5906717458361,Patronenfilter für Momo J007 Staubabscheider
147356,5906717453212,"100 Stk. Holzstäbchen für Maniküre Nagelhaut 6,5 cm OCHO NAILS"
147357,5906717453229,"100 Stk. Holzstäbchen für die Maniküre Nagelhaut 11,5 cm OCHO NAILS"
147358,5906717453236,100 Stk. Holzstäbchen für die Maniküre Nagelhaut 15 cm OCHO NAILS
148456,5906717457913,Tattoo Cartridge EL CARTEL V2 0.5 1RL Long Taper 10stk.
148510,5906717459078,Tattoo Cartridge EL CARTEL V2 0.30 14RL Long Taper 10stk.
148459,5906717457944,Tattoo Cartridge EL CARTEL V2 0.35 7RL Long Taper 10stk.
148509,5906717459061,Tattoo Cartridge EL CARTEL V2 0.30 11RL Long Taper 10stk.
148285,5906717457807,Elektrische Kosmetikliege SILLON CLASSIC 3 Motoren weiß
148286,5906717457814,Elektrische Kosmetikliege SILLON CLASSIC 3 Motoren grau
148288,5906717457838,Elektrische Kosmetikliege SILLON CLASSIC 2 Pediküremotoren weiß
148289,5906717457845,Elektrischer Kosmetikliege SILLON CLASSIC 2 Pediküromotoren grau
148290,5906717457852,Elektrischer Kosmetikliege SILLON CLASSIC 4 Motoren mit Wiege weiß
148291,5906717457869,Elektrische Kosmetikliege SILLON CLASSIC 4 Motoren mit Wiege grau
148292,5906717457876,Elektrische Kosmetikliege SILLON CLASSIC 3 Motoren mit Pedi-Wiege weiß
148293,5906717457883,Elektrische Kosmetikliege SILLON CLASSIC 3 Motoren mit Pedi-Wiege grau
148100,5906717457081,Gabbiano Friseurstuhl Berlin schwarz-gold
124816,5906717457203,Einbau-Staubabsorber Momo S-41 gold
148079,5906717457012,Gabbiano Friseurwaschanlage Málaga gold schwarz
148126,5906717457159,Kosmetikhocker AM-304G weiß
148165,5906717457166,Kosmetikhocker AM-304G Schwarz
148080,5906717457029,Gabbiano Friseurwaschanlage Málaga goldgrau
147875,5906717456077,Gabbiano Friseurstuhl Catania Loft Old Leder dunkelbraun
147876,5906717456084,Gabbiano Friseurstuhl Catania Loft Old Leder schwarz
141233,5906717448393,Gabbiano Friseurassistentin Solo gold – schwarz
147793,5906717454981,Gabbiano stehend infrazone Y-707 weiß
147805,5906717455049,Tattoo Stuhl Pro Ink 610 schwarz
147804,5906717455032,Tattoo Armlehne Pro Ink 720 schwarz
148045,5906717457487,Friseurwaschanlage Toledo schwarz
148056,5906717456848,Friseurwaschanlage Modena schwarz
148057,5906717456855,Friseurwaschmittel Modena Schwarz Antik
148035,5906717456343,Friseurwaschanlage Turyn schwarz
147280,5906717453137,Friseurstuhl Monaco
148173,5906717458286,Gabbiano Friseurwaschanlage ZA31 schwarz
148437,8936217070029,Nghia Export Nagelknipser NC.05
148438,8936217070036,Nghia Export Nagelknipser NC.06
148430,8936000924874,Nghia Export Hautschere KD.701
148431,8936217070005,Nghia Export Hautschere KD.702
148432,8936217070012,Nghia Export Hautschere KD.703
148433,8936217070388,Nghia Export Hautschere KD.704
148434,8936217070425,Nghia Export Hautschere KD.705
148435,8936217070432,Nghia Export Hautschere KD.706
148436,8936217070456,Nghia Export Hautschere KD.707
148419,8936217070487,Nghia Export Nagelklemme NL.201 14MM
148420,8936217070494,Nghia Export Hautzange CL.S02 12 (5MM)
148425,8936217070708,Nghia Export Hautzange CL.205 12 (5MM)
148426,8936217070722,Nghia Export Hautzange CL.S01 12 (5MM)
148154,5906717458200,4Rico Stuhl QS-OF213G schwarz
148156,5906717458217,4Rico Stuhl QS-OF213G marineblau
148157,5906717458224,4Rico Stuhl QS-OF213G grau
148159,5906717458231,4Rico Stuhl QS-OF213G grün
148178,5906717458293,Hari System Friseurstuhl ZA31 schwarz
148512,5906717459092,Tattoo Cartridge EL CARTEL V2 0.35 11RL Long Taper 10stk.
147849,5906717455933,Azzurro Special 152 Kosmetikstuhl schwarz
147989,5906717455940,Azzurro Special 152 Kosmetikstuhl weiß
148063,5906717456916,Friseurstuhl Gabbiano Linz NQ Gold Schwarz
147792,5906717454974,Gabbiano Stehfriseursauna 408D weiß mit aktivem Ozon
148511,5906717459085,Tattoo Cartridge EL CARTEL V2 0.30 18RL Long Taper 10stk.
148945,5903819819151,Claresa Top Bubble schwarz Matt Ohne Wischtuch -5g
148946,5903819819144,Claresa Top Bubble gold Matt Ohne Wischtuch -5g
148961,5900117981771,Farmona neues Haut-Well-Aging-Verjüngungspeeling 30 ml
148962,5900117981788,Farmona neues Hautpeeling Neutralisator 280 ml
148963,5900117981795,Farmona neue Hautberuhigungsmaske 200 ml
147319,5906717452956,Gabbiano Friseurstuhl Acri gold - schwarz
147281,5906717453144,Friseurstuhl Gabbiano Parma Schwarz
112855,5906717457067,Gabbiano Friseurwäsche Berlin gold weiß
148476,5906717458903,Saeyang Akku-Nagelfräser Marathon K38 Crafien mini schwarz
147847,5906717455285,Kosmetikhocker Giovanni 1004 weiß mit goldenem Fußgestell
147848,5906717455292,Kosmetikhocker Giovanni 1004 schwarz mit goldenem Fußgestell
141617,5906717448720,Kosmetikschreibtisch 312 weiß links
148168,5906717458255,Gabbiano elektrische Friseurwäsche TRYCHO schwarz
148179,5906717458262,Gabbiano elektrische Friseurwaschanlage TRYCHO braun
148473,5906717458873,Saeyang Nagelfräser Marathon 3 Champion weiß + H35LSP weiß
148474,5906717458880,Saeyang Nagelfräser Marathon 3 Champion weiß + H37LSP
148041,5906717456404,Gabbiano Porto-BM Friseurstuhl schwarz
148043,5906717456428,Gabbiano Porto-BM Friseurstuhl schwarz grau
148048,5906717456763,Gabbiano Porto-BM Friseurstuhl schwarz beige
148398,5906717458521,"Trainingskopf Friseur Gabbiano WZ1 Naturhaar, Farbe 1#, Länge 16"""
148399,5906717458538,"Friseur-Trainingskopf von Gabbiano WZ1 mit echtem Haar, Farbe 4#, Länge 16"""
148400,5906717458545,"Friseur-Trainingskopf von Gabbiano WZ1 mit echtem Haar, Farbe 1#, Länge 20"""
148401,5906717458552,"Friseur-Trainingskopf von Gabbiano WZ1 mit echtem Haar, Farbe 4#, Länge 20"""
148402,5906717458569,"Friseur-Trainingskopf von Gabbiano WZ2 mit synthetischem Haar, Farbe 1#, Länge 24"""
148403,5906717458576,"Friseur-Trainingskopf von Gabbiano WZ2 mit synthetischem Haar, Farbe 4#, Länge 24"""
148404,5906717458583,"Friseur-Trainingskopf Gabbiano WZ2 mit synthetischem Haar, Farbe 613#, Länge 24"""
148405,5906717458590,"Friseur-Trainingskopf Gabbiano WZ3 mit Naturhaar, Farbe 1#, Länge 8"""
148406,5906717458606,"Friseur-Übungskopf von Gabbiano WZ3 mit Naturhaar, Farbe 4#, Länge 8"""
148407,5906717458613,"Friseurübungs- und Bartkopf von Gabbiano WZ4 mit Naturhaar, Farbe 1#, Länge 8""+6"""
148408,5906717458620,"Friseurübungs- und Bartkopf von Gabbiano WZ4 mit Naturhaar, Farbe 4#, Länge 8""+6"""
148409,5906717458637,"Trainingskopf mit Friseurbarthaar Gabbiano WZ4, synthetisches Haar, Farbe 1#, Länge 8""+6"""
148410,5906717458644,"Trainingskopf mit Friseurbarthaar Gabbiano WZ4, synthetisches Haar, Farbe 4#, Länge 8""+6"""
147806,5906717455056,Tattoo Stuhl Pro Ink 611 schwarz
147807,5906717455063,Tattoo Stuhl Pro Ink 612 schwarz
148037,5906717456367,Porto-GM Friseurstuhl schwarz
148038,5906717456374,Friseurwaschstation Porto gold schwarz
148039,5906717456381,Porto-GM Friseurstuhl grau
148040,5906717456398,Friseurwaschstation Porto gold grau
148042,5906717456411,Friseurwaschstation Porto-BM schwarz
148044,5906717456435,Friseurwaschstation Porto-BM grau
148046,5906717456749,Porto-GM Friseurstuhl beige
148047,5906717456756,Friseurwaschstation Porto-GM beige
148049,5906717456770,Friseurwaschstation Porto-BM beige
148102,5906717457685,Barberstuhl President Rot
148103,5906717457692,Barberstuhl President Schwarz
148104,5906717457708,Barberstuhl President altes Leder grün
148106,5906717457722,UV-LED-Lampe Glow YC57 Weiß 268W
148107,5906717457739,UV LED Glow YC57 RN Lampe blau-pink 268W
148452,5906717457777,Tattoo nadeln El Cartel 0.35 7RL LINER 25stk.
148453,5906717457784,Tattoo nadeln El Cartel 0.35 5RL LINER 25stk.
148454,5906717457791,Tattoo nadeln  El Cartel 0.35 11RL
148392,5906717458446,Azzurro 803D 3-motoriger elektrifizierter Kosmetikliege grau
148393,5906717458453,Elektrische Kosmetikliege Azzurro 803D 3 Motor. weiß
148198,5906717457418,ARCHE III Manikürelampe
148417,5906717458712,Barberstuhl Marcus Gold
148418,5906717459344,Gabbiano Friseur Waschbecke Marcus gold schwarz
148985,5903819823486,CLARESA Klebebasis für Gel 5g
149337,5903819822403,CLARESA Top Glass No wipe 5g
149604,5903819822182,CLARESA Primer Ultra Tape 5 ml
149605,5903819822199,CLARESA Nail Prep dehydrator 5 ml
149533,5903819822335,CLARESA RUBBER-GEL 6 -12g
149534,5903819822328,CLARESA RUBBER GEL 5 -12g
149535,5903819822311,CLARESA RUBBER GEL 4 -12g
149536,5903819822304,CLARESA RUBBER GEL 3 -12g
149537,5903819822298,CLARESA RUBBER GEL 2 -12g
148586,5906735706338,Barbicide geruchsloses spray zur desinfektion aller oberflächen 750ml
149607,5900117983133,Farmona Skin salt fores fruits - Waldfrucht Fußbadesalz 1250 g
149608,5900117983140,Farmona Skin salt pear - Birnenfußbadesalz 1400 g
149609,5900117983157,Farmona Skin salt plum - Fußbadesalz Pflaume 1400 g
149587,5908287192027,Podoland PodoBaby Haut- und Nagelregeneration für Kinder und Erwachsene 50ml
149589,5908287192393,Podoland Präparat PodoSerum Haut- und Nagelwiederherstellung 15ml
149590,5908287192416,Podoland PodoSoft Erweichungsflüssigkeit für Haut und Nägel 200ml
149591,5908287192409,Podoland PodoSoft Nagelhaut- und Nagelaufweicher 200m
149624,5904323376192,Podoland Zestaw Kit & Podo Set von Daniel Abratkiewicz
149625,5905584195669,Podoland-Kutter eines bekannten Podologen
149626,5905584195683,Podologischer Finirschneider für Podand
149627,5908287192287,Podologie-Schere Podoland
149628,5908287192256,Podoland Skalpellgriff 04
149629,5908287192263,Podoland-Meißelhalter
149630,5908287192447,Podoland-Schnallen-Aktivator
149631,5905584195676,Podoland Innovative Cutter von Daniel Abratkiewicz (finir + bekannter Podologe)
149632,5908287192041,Podoland-Zange 02
149634,5908287192058,Podoland-Zange 03
149635,5908287192065,Podoland-Zange 04
149636,5908287192072,Podoland-Zange 05
149637,5908287192089,Podoland-Zange 06
149638,5908287192096,Podoland-Zange 07
149639,5908287192102,Podoland-Zange 08
149640,5908287192119,Podoland-Zange 09
149641,5908287192126,Podoland-Pinzette S
149642,5908287192133,Podoland-Pinzette M
149643,5908287192140,Podoland-Pinzette L
149644,5908287192157,Podoland S Sonde
149645,5908287192164,Podoland M-Sonde
149646,5908287192171,Podoland-Minisonde
149647,5908287192188,Podoland Maxi-Winkelfeile
149648,5908287192195,Podoland Winkelfeile Mini
149649,5908287192201,Podoland Mini-Tamponade-Applikator
149650,5908287192218,Podoland Maxi-Tamponade-Applikator
149651,5908287192232,Podoland-Podologie-Kit
149652,5908287192249,Podoland-Skalpellgriff 03
149653,5908287192034,Podoland-Zange 01
149599,5901810051006,"APIS DEPIQ PRO SYSTEM Depigmentierendes Säure-Peeling  1% Tranexamsäure und Ficin, 200 ml"
149600,5901810051013,"APIS DEPIQ PRO SYSTEM Depigmentierende Nachtcreme-Maske  mit α-Arbutin 1%, 50 ml"
149601,5901810051020,"APIS DEPIQ PRO SYSTEM Erweiterte Depigmentierungsmaske für Verfärbungen, 10 x 3 ml + 10 x 0,7 g"
149602,5901810051037,APIS DEPIQ PRO SYSTEM Depigmentierender Booster mit α-Arbutin 1% und Brightening Complex 1% 30 ml
148115,5906717457968,4Rico Stuhl QS-GW06G schwarz
148116,5906717457975,4Rico Stuhl QS-GW06G marineblau
148117,5906717457982,4Rico Stuhl QS-GW06G grau
148118,5906717457999,4Rico Stuhl QS-GW06G grün
148120,5906717458002,4Rico Drehstuhl QS-GW01G schwarz
148121,5906717458019,4Rico Drehstuhl QS-GW01G marineblau
148128,5906717458026,4Rico Drehstuhl QS-GW01G grau
148129,5906717458033,4Rico Drehstuhl QS-GW01G grün
148130,5906717458040,4Rico Drehstuhl QS-OF212G schwarz
148134,5906717458064,4Rico Drehstuhl QS-OF212G grau
148139,5906717458071,4Rico Drehstuhl QS-OF212G grün
148140,5906717458088,4Rico Drehstuhl QS-MF18G schwarz
148142,5906717458101,4Rico Drehstuhl QS-MF18G grau
148143,5906717458118,4Rico Drehstuhl QS-MF18G grün
148144,5906717458125,4Rico Drehstuhl QS-BL12G schwarz
148147,5906717458156,4Rico Drehstuhl QS-BL12G grün
148148,5906717458163,4Rico Drehstuhl QS-BL14G schwarz
148152,5906717458187,4Rico Drehstuhl QS-BL14G grau
148153,5906717458194,4Rico Drehstuhl QS-BL14G grün
148122,5906717457258,Elegantes Platin T8108 Air Pressure Gerät
148161,5906717457265,Elegante Platinum T9116 Elektrostimulationsgerät
149656,5903819820782,Claresa Power Base 06 -5g
149657,5903819820799,Claresa Power Base 07 -5g
149658,5903819820805,Claresa Power Base 08 -5g
149659,5903819820812,Claresa Power Base 09 -5g
149660,5903819824216,Claresa Power Base 10 -5g
148424,8936217070531,Nghia eingewachsene Nagelzange NL.205 14MM
148427,8936217070746,Nghia Export Hautzange CL.206 12 ( 5MM )
148428,8936217070760,Nghia Export Hautzange CL.207 12 ( 5MM )
148429,8936217070784,Nghia Export Hautschere CL.201GR 12 ( 5MM )
148108,5906717457746,EXO Universalgreifer für Fräskopf
148504,5906717459139,Bürste zum Reinigen der Backen des Fräskopfes
148196,5906717457395,Beleuchteter Plafond Friseursalon BB-02 schwarz groß
148441,5906717458750,Friseur-Waschschüssel-Montagesatz
149572,5906717459351,YOGA MAT BALANCE Mustard Green
149573,5906717459368,YOGA MAT BALANCE Dark Blue
149576,5906717459399,YOGA MAT BALANCE Cork and Natural Rubber
149577,5906717459405,YOGA MAT BALANCE PVC BLACK
149579,5906717459429,YOGA MAT 1103
149584,5906717459474,YOGA MAT 1108
149585,5906717459481,YOGA MAT 1107
148199,5906717457425,Friseur Standstaubsauger Automatik 1400W
148200,5906717457432,Filter Haarsauger Rund
148201,5906717457449,Flachfilter-Haarsauger
148114,5906717457951,Elektrische Kosmetikliege Azzurro 891 Weiß
148294,5906717458248,Elektrische Kosmetikliege Azzurro 891 grau
148018,5906717456626,"GLOW Ringlicht 10"" BSC mit Stativ 10W"
148019,5906717456633,"GLOW RGB 10"" BSC Ringlicht mit 10W Stativ"
148020,5906717456640,"GLOW Ringlicht 13"" BSC mit Stativ 10W"
148021,5906717456657,"GLOW RGB Ringlicht 13"" bsc mit Stativ 10W"
148022,5906717456664,"GLOW Ringlicht 18"" bsc mit Stativ 45W"
148023,5906717456671,"GLOW RGB Ringlicht 18"" bsc mit 45W Stativ"
149695,5903819823929,CLARESA Gellack Make a wish 1 -5g
149696,5903819823936,CLARESA Gellack Make a wish 2 -5g
149697,5903819823943,CLARESA Gellack Make a wish 3 -5g
149698,5903819823950,CLARESA Gellack Make a wish 4 -5g
149505,5906717459948,Einwegfilter für Saeyang Staubabsorber Marathon Olimp 65W 50 Stücke
149506,5906717459955,Hepa-Filter für Saeyang Staubabsorber Marathon Olimp 65W
148587,5906735706345,Barbicide geruchsspray zur desinfektion aller oberflächen 750ml
148585,5906735706239,Barbicide Ship Shape Schiffsformspray zum Entfernen von Haarspray und hartnäckigem Schmutz von allen Oberflächen 750 ml
149699,5903819823967,CLARESA Gellack Make a wish 5 -5g
149700,5903819823974,CLARESA Gel Hybridlack Make a wish 6 -5g
149701,5903819823981,CLARESA Hybridlack Make a wish 7 -5g
149702,5903819823998,CLARESA Hybridlack Make a wish 8 -5g
150129,5903819823677,Claresa Builder Gel Gummi Gel 2 45g
150130,5903819823684,Claresa Builder Gel Gummi Gel 3 45g
150131,5903819823691,Claresa Builder Gel Gummi Gel 4 45g
150134,5903819823738,Claresa Builder Gel Gummi Gel 2 90g
150135,5903819823745,Claresa Builder Gel Gummi Gel 3 90g
150136,5903819823752,Claresa Builder Gel Gummi Gel 4 90g
150132,5903819823707,Claresa Builder Gel Gummi Gel 5 45g
150133,5903819823714,Claresa Builder Gel Gummi Gel 6 45g
150137,5903819823769,Claresa Builder Gel Gummi Gel 5 90gg
150138,5903819823776,Claresa Builder Gel Gummi Gel 6 90g
148411,5906717458651,Sakura Massagesessel Comfort Plus 806 Schwarz
148412,5906717458668,Sakura Massagesessel Comfort Plus 806 in Braun
133250,5906717435621,Friseur Koffer schwarz Stoff
148109,5906717457753,Ersatz-Aufhängeaufkleber für Fräskopf
147988,5906717456268,Cape J8890 mit Gummizug um den Hals
148123,5906717457364,Lackextrusionsschlüssel gold
148295,5906717458279,Umhang für Kinder
148124,5906717457098,Momo Diamond Ecru Maniküre Support
148163,5906717457104,Momo Diamond Velour Ecru Maniküre Armlehne
148530,5906717459191,Armlehne MOMO 8-M weiß
148531,5906717459207,Armlehne MOMO 8-M schwarz
148532,5906717459214,Armlehne MOMO 8-M pink
148533,5906717459221,Ellbogenbandage MOMO 9-M weiß
148534,5906717459238,MOMO 9-M Armlehne schwarz
148535,5906717459245,MOMO 9-M Armlehne Pink
148158,5906717456985,Silikon-Saugnapf für Friseurwäschbecken
149592,5906717460159,Friseurhocker L005S Silber
148036,5906717456350,Gabbiano Friseurstuhl Genua gold schwarz
148559,5906717459306,Sakura Massagesessel 305 Holzoptik
148472,5906717458859,Aufhänger für Ringleuchten
148521,5906717459160,Look 328 Kosmetikkoffer auf Rädern
148447,5906717458798,Glow L03 Tisch-OP-Leuchte Schwarz
148448,5906717458804,Glow L03 Tisch-OP-Leuchte weiß
148449,5906717458811,Glow L04 Tisch-OP-Leuchte Schwarz
148197,5906717457401,Beleuchteter Plafond Friseursalon BB-02 gold groß
148558,5906717459283,Sakura Massagesessel Classic 305 grau
148507,5906717459146,Wasserstoff H2+ 6in1 Wasserstoffreinigungsgerät der neuen Generation
147955,5906717456220,Hair System Friseurstuhl Lile gold schwarz
148155,5906717457371,Friseur-Augenschutz
149683,5906717460661,Exo blaue Med-Schleifkappe 10mm /60 20 Stück Hartkappe
149684,5906717460678,Exo blau med Schleifkappe 10mm /80 20pcs Hartkappe
149685,5906717460685,Exo blau med Schleifkappe 10mm /150 20pcs Hartkappe
149686,5906717460692,Exo blaue Med-Schleifkappe 10mm /220 20 Stück Hartkappe
149687,5906717460708,Exo blau med Schleifkappe 13mm /60 20pcs Hartkappe
149688,5906717460715,Exo blau med Schleifkappe 13mm /80 20pcs Hartkappe
149689,5906717460722,Exo blau med Schleifkappe 13mm /150 20pcs Hartkappe
149690,5906717460739,Exo blau med Schleifkappe 13mm /220 20pcs Hartkappe
148421,8936217070500,Nghia Export Nagelknipser NL.202 17MM
148422,8936217070517,Nghia Export Nagelknipser NL.203 16MM
148423,8936217070524,Nghia Export Nagelknipser NL.204 16MM
149498,5906717459764,Mobile Pediküre Fußstütze Bell Sillon schwarz
149499,5906717459771,Bell Sillon mobile Pediküre Fußstütze weiß
148160,5906717442056,Kosmetikstuhl QS-OF211G schwarz
148068,5906717456961,Friseur-Waschmaschine C019G schwarz
148977,5906717459603,Sakura Massagesessel Comfort Plus 806 in Beige
149526,5906717460074,Elektrischer Barberstuhl Gabbiano Duke Schwarz
149527,5906717460081,Elektrischer Barberstuhl Gabbiano Duke Braun
148560,5906717459313,Pro Ink Tattoo Armlehne 718 Black Spade W
150925,5900117983430,Farmona podologische Therapie reinigende Fußflüssigkeit 500 ml
150926,5900117983447,Farmona podologische Therapiesalbe mit natürlichen Ölen für Schwielen 300 ml
150927,5900117983454,Farmona podologische Therapie Barriere Fußpaste mit Hyperkeratose 300ml
150928,5900117983461,Farmona podologische Therapie Propolis-Salbe für Hühneraugen und Schwielen 75 ml
150929,5900117983478,Farmona Podologische Therapie cremiges Serum am Ende einer podologischen Behandlung 200 ml
148520,5906717458323,Felgenfarbe Schablone 50 Stk. WZ2 transparent
150240,5906717461613,Aufsatzset für das  Hydrogen+ 6in1 new generation
148557,5906717459290,Sakura Massagesessel Classic 306 Weiß-Grau
125963,5906717460173,Gabbiano Centurion LVI-203S dreistufiger Ionen-Haartrockner schwarz
148505,5906717462665,KIT Saeyang Marathon Cyclone-Vac Nagelfräser mit Absorber + Minischrank 969 weiß
148966,5906717459528,Ultraschallreiniger DENSON CS6.2 6L
150695,5903819825312,Claresa Power Basis 21 -5g
150685,5903819824223,Claresa Power Basis 11 -5g
150692,5903819825305,Claresa Power Basis 18 -5g
150693,5903819825336,Claresa Power Basis 19 -5g
150694,5903819825329,Claresa Power Basis 20 -5g
150686,5903819824599,Claresa Power Basis 12 -5g
150687,5903819824605,Claresa Power Basis 13 -5g
150688,5903819824612,Claresa Power Basis 14 -5g
150689,5903819824629,Claresa Power Basis 15 -5g
150224,5903819819168,CLARESA Top Milchig 5g
149594,5906717460166,Basic 202 Kosmetikliege mit Schubladen rosa
148484,5906717458958,Barber's Mat kleines Barbertop
148501,5906717459108,Friseurkoffer des Barbiers schwarz
148502,5906717459115,Friseurkoffer des Barbiers rot
137396,5906717442391,Schweinenacken mit Talkumpuderspray
148177,5906717457357,Kamm N-1217
148110,5906717456992,"Kamm Loft NN-09 22 x 3,3 cm"
148112,5906717457289,"Loft Kamm NN-09 19,3 x 5,4 cm"
148137,5906717457302,"Kamm Loft NN-09 14,5 x 5,5 cm"
148149,5906717457272,"Kamm Loft NN-09 18,9 x 5,3 cm"
148151,5906717457296,"Kamm Loft NN-09 15,5 x 5,4 cm"
148503,5906717459122,Schattierungskamm
149384,5906717459825,Flexible Bürste O-327
148481,5906717458927,Friseur-Papierkragen 5 Stk. rot
148567,5906717459504,Barber Sprühgerät Shine gold
148482,5906717458934,Friseur-Papierkragen 5 Stk. blau
149387,5906717459856,Barber Sprayer für Talkumpuder gold
149388,5906717459863,Barberumhang mit Gummizug J-455
149389,5906717459870,"Barbierumhang mit Gummiband, J-456"
149390,5906717459887,"Barbierumhang mit Gummiband, J-457"
149392,5906717459900,Schürze schwarz K-508
149654,5906717460432,Sitzantrieb 210 Basic
150176,5906717461354,Saeyang Cutter Extraktionsvorrichtung
148445,5906717458774,"Pro Ink 720 Tattoo-Armlehne, Handschuh- und Handtuchhalter"
150968,5906717462382,Tattoo Cartridge EL CARTEL V2 0.30 21RM LongTaper 10stk.
150969,5906717462399,Tattoo Cartridge EL CARTEL V2 0.30 23RM LongTaper 10stk.
150970,5906717462405,Tattoo Cartridge EL CARTEL V2 0.30 25RM LongTaper 10stk.
150971,5906717462412,Tattoo Cartridge EL CARTEL V2 0.30 27RM LongTaper 10stk.
149522,5906717460036,Gabbiano Porto Friseurstuhl schwarz
149523,5906717460043,Friseurwaschstation Porto Grau sm
149524,5906717460050,Friseurwaschstation Porto schwarz
149517,5906717460012,Gabbiano Infrazon Standlautsprecher GL-505S schwarz
149673,5906717460586,VIVA PRO 601 Nagelfräser bürstenlos
149674,5906717460593,VIVA PRO 602 Nagelfräser bürstenlos
149675,5906717460609,VIVA 602S Nagelfräser
149677,5906717460623,Nagelfraser VIVA 305
151828,5900117985083,Farmona pure icon beruhigender mizellarer Make-up-Entferner 500 ml
151829,5900117985090,Farmona pure icon Zwei-Phasen-Make-up-Entferner für Gesicht und Augen 250ml
151831,5900117985106,Farmona Pure Icon Make-up-Entferneröl für Gesicht und Augen 250ml
151832,5900117985113,Farmona pure icon toning mist 200ml
151833,5900117985120,Farmona pure icon enzymatisch-mechanisches Peeling 200 ml
150975,5906717462719,EL CARTEL TATTOOMASCHINE VISPA ROT/SCHWARZ
148483,5906717458941,Friseur-Papierkragen 5 Stk. grün
150972,5906717462429,Tattoo Cartridge EL CARTEL V2 0.35 123RM ShortTaper 5stk.
150973,5906717462436,Tattoo Cartridge EL CARTEL V2 0.35 123M ShortTaper 5stk.
149727,5906717460920,Griff des Friseurkopfes
148480,5906717458910,Champion Case Koffer
148991,5906717459665,Gabbiano Barberstuhl Continental schwarz
125645,5906717418280,Barber Koffer gold schwarz
150220,5906717461576,Elektrische Kosmetikliege SILLON CLASSIC 3 Motoren schwarz
150221,5906717461583,Elektrische Kosmetikliege SILLON CLASSIC 3 Motoren rosa
149382,5906717459801,Armlehne Pro Ink 721
147556,6956540103395,Codos Akku-Haarschneider CHC-339
148973,5906717459597,Pro Ink Tattoo Stuhl 3710
148993,5906717459689,Barberstuhl Gabbiano Niccolo Schwarz
148994,5906717459696,Barberstuhl Gabbiano Niccolo Braun
152006,5908287192454,Podoland Vorbereitung PodoIntensive Spezialmaske für Füße und Hände 100 ml
150666,5906717462023,OCHO NAILS Hybrid-Nagellack Autumn A01 -5 g
150667,5906717462030,OCHO NAILS Hybrid-Nagellack Autumn A02 -5 g
150670,5906717462153,OCHO NAILS Hybrid-Nagellack Autumn A05 -5 g
150145,5906717461125,Ocho Nails Ersatzpapiere für halbmondförmige Metallfeilen. 180 10 Stück
150146,5906717461132,Ocho Nails Bananenfeile 100/180 10 Stk.
150147,5906717461149,Ocho Nails Halbmondfeile 100/180 1 Stk. safe pack
150148,5906717461156,Ocho Nails Halbmondfeile 100/180 10 Stk.
150153,5906717461163,Ocho Nails halbmondförmige Metallkernfeile - Basis
150154,5906717461170,Ocho Nails halbmondförmige schlanke Feile 100/180 10 Stk.
150155,5906717461187,Ocho Nails halbmondförmige schlanke Feile 100/180 1 Stk. safe pack
150156,5906717461194,Ocho Nails halbmondförmige schlanke Feile 180/240 10 Stück.
150157,5906717461200,Ocho Nails halbmondförmige schlanke Feile 180/240 1 Stück. safe pack
150159,5906717461224,Ocho Nails gerade Feile 180/240 1 Stück safe pack Farbe
150161,5906717461248,Ocho Nails gerade Feile 80/100 1 Stk. safe pack
150162,5906717461255,Ocho Nails gerade Feile 80/100 10 Stk.
150163,5906717461262,Ocho Nails gerade Feile schlank 100/180 10 Stk.
150164,5906717461279,Ocho Nails gerade Feile slim 100/180 1 St. safe pack
150165,5906717461286,Ocho Nails breite gerade Feile 100/180 10 Stk.
150166,5906717461293,Ocho Nails Bufer Polierer BR1 240/320/600/3000
150168,5906717461316,Ocho Nails Bufer 7-Seiten-Poliermaschine BR4 180/240/320/400/600/1200/3000
150169,5906717461323,Ocho Nails Ersatzlacke für Half-Moon-Metallfeile 240 10 Stück.
150948,5906717462511,Ocho Nails Halbmond-Metallkernfeile + Polierer 240 10 Stück.
150949,5906717462528,Ocho Nails halbmondförmige Metallkernfeile + Papiere 100/180 20 Stk.
150893,5906717462122,Ocho Nails Mini-Feile 10 Stk.
151458,9788397062207,Problematische Nägel in der Praxis eines bekannten Podologen - Buch 1 Stk.
152004,5906717463976,Podo Business Bauen Sie Ihre Marke auf Paula Pelińska-Butyniec - Buchen Sie 1 Stk.
148992,5906717459672,Barberstuhl Leonardo Gold Schwarz
150897,8421421108953,Depilflax 100 Ultraflex Blue
150898,8421421108960,Depilflax100 Mauve mit Titan dio
150899,8421421901370,Depilflax 800 ml FILMWACHS DEPILFLAX NATUR D100 FILMWACHS
149633,5906717460333,Exo Classic File New Edition Podologie-Nagelfräser mit Absorber
151020,5906717462726,Tattoo Cartridge EL CARTEL V2 - 0.30 7RM-W LongTaper 10stk.
151021,5906717462733,Tattoo Cartridge EL CARTEL V2 - 0.30 13RM-W LongTaper 10stk.
151022,5906717462740,Tattoo Cartridge EL CARTEL V2 - 0.30 15RM-W LongTaper 10stk.
151023,5906717462757,Tattoo Cartridge EL CARTEL V2 - 0.35 7RM-W LongTaper 10stk.
151024,5906717462764,Tattoo Cartridge EL CARTEL V2 - 0.35 13RM-W LongTaper 10stk.
151025,5906717462771,Tattoo Cartridge EL CARTEL V2 - 0.35 15RM-W LongTaper 10stk.
150121,5906717460982,4Rico Stuhl QS-GW06G Rosa
150122,5906717460999,4Rico Drehstuhl QS-GW01G rosa
150123,5906717461002,4Rico Drehstuhl QS-OF212G rosa
152160,5903819823400,Claresa Aufbaugel Soft&Easy Gel blinking pink 90g
150158,5906717461217,Ocho Nails gerade Feile 100/180 10 Stk.
150170,5906717461330,Ocho Nails Mini Block orange 50 Stück prc
150706,5906717462078,UV LED OCHO NÄGEL X13 65W weiß mit Spiegelboden
150707,5906717462085,UV LED OCHO NAILS X13 Plus Lampe 65W Licht rot weiß ccc
150709,5906717462108,UV LED OCHO NÄGEL X22 72W AKU Lampe kabellos weiß mit Spiegelboden
150974,5906717462702,EL CARTEL TATTOOMASCHINE VISPA SCHWARZ
149606,5906717460180,Friseurstuhl Gabbiano Monaco Beige
152149,5908287192461,Podoland Podosoap Podologische Schaumseife 100 ml
150909,5906717462313,Podologiehocker 1005 Giovanni Weiß
150910,5906717462320,Podologiehocker 1005 Giovanni schwarz
150911,5906717462337,Podologiehocker 1005 Giovanni Grau
150222,5906717461590,Elektrischer Kosmetiksessel SILLON Luxury 3 Motoren weiß
150223,5906717461606,Elektrischer Kosmetiksessel SILLON Luxury 3 Motoren weiß Fußschalter
150124,5906717461019,4Rico Drehstuhl QS-MF18G Rosa
150126,5906717461033,4Rico Drehstuhl QS-BL14G Rosa
150127,5906717461040,4Rico Stuhl QS-OF213G rosa
151018,5906717463020,4Rico Drehstuhl QS-BL12G Schwarz
150977,5906717462696,EL CARTEL V2 Tattoo Cartridges 0.18mm 5rl Super Long Taper 10stk.
151009,5906717462948,Tattoo Cartridge EL CARTEL V2 0.35 11RM LongTaper 10stk.
152209,5901810051945,Apis CERAMIDE REPAIR Rebuilding Mask mit Ceramiden und Beta-Glucan 200 ml
152210,5901810051952,Apis CERAMIDE REPAIR Beruhigende Algenmaske mit Ceramiden und Beta-Glucan 200 g
152211,5901810051938,Apis CERAMIDE REPAIR Gesichtsmassageöl-Emulsion mit Ceramiden 150 ml
152212,5901810051969,Apis CERAMIDE REPAIR Regenerationscreme mit Ceramiden und Omega-Säuren 3-6-9 100 ml
152214,5901810051976,Apis CERAMIDE REPAIR Milde Gesichtswaschemulsion mit Ceramiden und Beta-Glucan 500 ml
152215,5901810051921,Apis CERAMIDE REPAIR Beruhigender und feuchtigkeitsspendender Toner mit Ceramiden und Centella Asiatica 300 ml
152223,5900117985229,Farmona Hands & Nails Artist Express Weichmacher Gel zur Entfernung der Nagelhaut um die Nägel 50ml
152219,5900117985366,Farmona Aesthetic glow Ceramid-Peptid Gesichtsserum 30 ml
152220,5900117985373,Farmona ästhetischer Glanz Ceramid-Peptid-Gel-Maske 200ml
150247,5906717461620,GLOW Manikürlampe ARCHE II Gold Kupfer
152221,5900117985380,Farmona Aesthetic Glow Ceramid-Peptid Gesichtscreme 150ml
152222,5900117985397,Farmona Aesthetic Glow Ceramid-Peptid Augencreme 50ml
151010,5906717462955,Tattoo Cartridge EL CARTEL V2 0.30 13RM LongTaper 10stk.
151987,5906717463440,Tattoo Cartridge EL CARTEL V2 0.30 15RM ShortTaper 10stk.
151988,5906717463457,Tattoo Cartridge EL CARTEL V2 0.30 15RM MediumTaper 10stk.
151989,5906717463464,Tattoo Cartridge EL CARTEL V2 0.30 9RM ShortTaper 10stk.
151990,5906717463471,Tattoo Cartridge EL CARTEL V2 0.30 9RM MediumTaper 10stk.
151991,5906717463488,Tattoo Cartridge EL CARTEL V2 0.30 11RM MediumTaper 10stk.
151992,5906717463495,Tattoo Cartridge EL CARTEL V2 0.30 11RM LongTaper 10stk.
151993,5906717463501,Tattoo Cartridge EL CARTEL V2 0.30 27RM MediumTaper 10stk.
151994,5906717463518,Tattoo Cartridge EL CARTEL V2 0.30 7RM MediumTaper 10stk.
151995,5906717463525,Tattoo Cartridge EL CARTEL V2 0.35 15RM ShortTaper 10stk.
151996,5906717463532,Tattoo Cartridge EL CARTEL V2 0.35 15RM MediumTaper 10stk.
151997,5906717463549,Tattoo Cartridge EL CARTEL V2 0.35 9RM ShortTaper 10pcs.
151998,5906717463556,Tattoo Cartridge EL CARTEL V2 0.35 9RM MediumTaper 10stk.
151999,5906717463563,Tattoo Cartridge EL CARTEL V2 0.35 11RM MediumTaper 10stk.
152000,5906717463570,Tattoo Cartridge EL CARTEL V2 0.35 13RM MediumTaper 10stk.
152001,5906717463587,Tattoo Cartridge EL CARTEL V2 0.35 13RM LongTaper 10stk.
152002,5906717463594,Tattoo Cartridge EL CARTEL V2 0.35 23RM MediumTaper 10stk.
152003,5906717463600,Tattoo Cartridge EL CARTEL V2 0.35 23RM LongTaper 10stk.
149511,5906717459979,Nageltisch 2027 weiß 2 Schränke
148986,5906717459610,Barberstuhl Carlos extra pearl
148987,5906717459627,Barberstuhl Carlos extra schwarz
148988,5906717459634,Barberstuhl Carlos Braun
148989,5906717459641,Barberstuhl Carlos schwarz
137381,5906717442247,Friseurstuhl Gabbiano Parma Gold Schwarz
149661,5906717460456,Kosmetikhocker QS-06 grau
150113,5906717460401,Kosmetikhocker QS-06G weiß
150114,5906717460418,Kosmetikhocker QS-06G schwarz
150115,5906717460425,Kosmetikhocker QS-06G rosa
150116,5906717460937,Kosmetikhocker QS-06 rosa
150117,5906717460944,Kosmetikhocker QS-06B weiß
150118,5906717460951,Kosmetikhocker QS-06B schwarz
152265,5903819823462,Claresa Aufbaugel Soft&Easy dancing sparkles 45g
153269,5996415034509,WAHL SUPER TAPER 5V Akku-Rasierer
153270,5996415034516,WAHL SENIOR Akku-Rasierer
153271,43917859460,WAHL LEGEND 5V Akku-Rasierer
153272,4015110028567,Rasierer WAHL SUPER CLOSE
153273,4015110038498,WAHL CHROMSTYLE Akku-Rasierer
153284,5996415034493,WAHL MAGIC CLIP 5 STERN 5V Akku-Rasieren
153285,4015110038511,Akku-Trimmer WAHL CHROMINI
152029,5906717463846,Saeyang Nagelfräser Marathon 3 Champion weiß + H35LSP grau
150671,5906717462269,OCHO NAILS Hybrid-Nagellack glitter G13 -5 g
150672,5906717462252,OCHO NAILS Hybrid-Nagellack glitter G12 -5 g
150673,5906717462276,OCHO NAILS Hybrid-Nagellack glitter G14 -5 g
150674,5906717462283,OCHO NAILS Hybrid-Nagellack glitter G15 -5 g
150675,5906717462290,OCHO NAILS Hybrid-Nagellack glitter G16 -5 g
150142,5906717461095,Ocho Nails Block 10 Stück weiß
150143,5906717461101,Ocho Nails Block 10 Stück Rosa
150139,5906717461057,UV Glow Snake Schreibtischlampe Weiß
150140,5906717461064,UV Glow Snake Schreibtischlampe Schwarz
150181,5906717461408,Roll Speed Push-in Hockerrad 5er-Set Schwarz
150182,5906717461415,Roll Speed Hockerring Gold Push-In Set mit 5 Stück
150183,5906717461422,Roll Speed Silber Push-in Hockerrad 5er Set
150184,5906717461439,Roll Speed Duo Steckhockerrad 5er-Set
152159,5903819823394,Claresa Aufbaugel Soft&Easy Gel blinking pink 12g
150112,5906717460395,Hair System Barberstuhl BM88066 Grau
149516,5906717462061,Gabbiano wandmontierte infrazone GD-505W schwarz
150914,5906717462368,Activ Podo Pediküre Fußstütze blau
149530,5906717460111,iWax Flower Wachserhitzer rosa
149531,5906717460128,iWax Flower Wachserhitzer weiß
149532,5906717460142,iWax Nasenwachs Erhitzer Mini Set
151057,5906717463358,Momo Diamond Velour Weiß Maniküre Armlehne
151058,5906717463365,Glas Vaporizer 828-FD
150248,5906717461637,Handtuchwärmer ELEGANTE 10
150249,5906717461644,Handtuchwärmer ELEGANTE 20
150250,5906717461651,Handtuchwärmer ELEGANTE 21
150144,5906717461118,Ocho Nails Ersatzpapiere für halbmondförmige Metallfeilen. 100 10 Stüc
150902,5906717462306,Glow L04 Tisch-OP-Leuchte weiß
150179,5906717461385,Gabbiano Kosmetikhocker Q-4599G schwarz
150180,5906717461392,Gabbiano Kosmetikhocker Q-4599G Weiß
150141,5906717461071,GLOW ProLux Maniküre-Lampe
148971,5906717459573,Giovanni Tisch H6701 Weiß
148972,5906717459580,Giovanni Tisch H6702 Weiß
148998,5906717459733,Pro-Ink 6701 Kosmetiktisch Schwarz
150186,5906717461453,Mixer Regendusche
150187,5906717461460,Wasserfall-Duscharmatur
149712,5906717460821,Friseurhelfer Gabbiano Trix Gold Schwarz
149721,5906717460913,Saeyang Marathon Levent Staubabsorber
150698,5906717461538,Gabbiano Stuhl BM18011
150894,5906717462139,Gabbiano Friseurstuhl A364 schwarz
148995,5906717459702,MI-03 Friseurkonsole
149494,5906717459931,Gabbiano Friseur Waschbecke Patrizio Schwarz
150194,8936217071118,Nghia Export Nagelhautschere KD.709
150196,8936217071101,Nghia Export Nagelhautschere KD.708
150197,8936217071125,Nghia Export Nagelhautschere KD.710
150198,8936217071132,Nghia Export Nagelhautschere KD.711
150199,8936217071149,Nghia Export Nagelhautschere KD.712
150200,8936217071156,Nghia Export Schere KDM.713
150201,8936217071163,Nghia Export Nagelhaut Schere KD.714
150202,8936217071170,Nghia Export Nagelhaut Schere KD.715
150203,8936217071187,Nghia Export Nagelhaut Schere KD.716
150204,8936217071194,Nghia Export Schere KDM.717
150205,8936217071064,Nghia Export Nagelhaut Schere KD.43
150206,8936217070838,Nghia Export Nagelhautzange CL.209 12mm
150207,8936217070845,Nghia Export Nagelhautschere CL.210 12mm
150208,8936217070852,Nghia Export Nagelhautschere CL.211 10mm
150209,8936217071071,Nghia Export Nagelhautschere CL.212 8mm
150210,8936217071088,Nghia Export Nagelknipser NL.210 17MM
150211,8936217071200,Nghia Export Winkel podiatrische Metallfeile P-15
150212,8936217071217,Nghia Export Metall Podologie Sonde P-17
150214,8936217070807,Nghia Export Nagelknipser NL.206 11MM
150215,8936217070814,Nghia Export Nagelknipser NL.207 11MM
150216,8936217070821,Nghia Export Nagelknipser NL.208 11MM
150225,8936000923228,Nghia Export Nagelknipser N-111
150226,8936000923235,Nghia Export Nagelknipser N-112
150227,8936000923242,Nghia Export Nagelknipser N-118
150228,8936217070951,Nghia Export Nagelknipser NL.209 16MM
150229,8936217070920,Nghia Export Nagelhautzange CL.213 10mm
150230,8936217070937,Nghia Export Nagelhautzange CL.214 10mm
150231,8936217070074,Nghia Export Pinzette N.404 rosa
150232,8936217070098,Nghia Export Pinzette N.404 Silber
150233,8936217070081,Nghia Export Pinzette N.404 Gold
150234,8936217071958,Nghia Export Pinzette N-425 ROT
150235,8936217071965,Nghia Export Pinzette N-425 grün
150236,8936217071972,Nghia Export Pinzette N-425 violett
150237,8936217071989,Nghia Export Pinzette N-425 blau
150238,8936000923464,Nghia Export Pinzette T-01 violett
150241,8936217070418,Nghia Export Metallhuf P-12
150242,8936217070463,Nghia Export Metallhuf P-13
150243,8936217070470,Nghia Export Metallhuf P-14
150244,8936000923938,Nghia Export Nagelknipser B.999
149716,5906717460869,Saeyang Nagelfräser Marathon K48 PRO BS35 bürstenlos
149717,5906717460876,Saeyang Nagelfräser Marathon K38 PRO BS30 bürstenlos
149718,5906717460883,Saeyang Marathon MULTI800 BS50C Nagelfräser bürstenlos
149719,5906717460890,Saeyang Marathon Nagelfräser MULTI800S BS50C FS60 bürstenlos
150932,5906717462443,Wapozon Giovanni D-09 Schwarz
150999,5906717462894,Kabel für den Fräserkopf Activ Power JD500 JD700 N20
149713,5906717460838,Sofa im Wartezimmer von Avila
152257,5906717464256,Lafomed Wasser-Destilliergerät N
153427,8050148008231,Agnostico Aftershave lotion
150919,5906717462375,Kürbel Ocho mit Öse
152276,5906717464355,Saeyang Filterset für Cyclon - Vac Nagelfräser  5 Stück - Papier
150954,5906717462535,Wagen für Fußbad Azzurro schwarz
150955,5906717462542,Wagen für Fußbad Azzurro weiß
152023,5906717463815,Splitteradapter für KATE Fernbedienung und Fußschalter
146657,5906717452192,KOSMETIKTISCH 3311G GOLD WEISS
148996,5906717459719,Gabbiano Friseurwaschbecke Emma
148997,5906717459726,Gabbiano Friseurwschbecke Sylvia schwarz
151015,5908287192508,Podoland Frontale Nagelzange 10
153436,8059482220040,PANTHERA Black Tribal XXX 150 Ml Reach
153437,8059482220033,PANTHERA Black Dark Sumy 150 Ml Reach
153438,8059482220026,PANTHERA Black Light Sumy 150 Ml Reach
153439,8059482220002,PANTHERA Black Gold 150ml Reach
153440,8059482220262,"PANTHERA ""Artist Series"" Ralf Nonnweilers  150ml - Smooth Blending Reach"
153441,8059482220279,"PANTHERA ""Artist Series"" Ralf Nonnweilers  150ml - Smooth Finish Reach"
153448,8059482220057,PANTHERA Black Liner 150 Ml Reach
153379,5901810051488,Apis Erdbeer Gesichtswaschschaum 150 ml
148135,6956540103180,Codos Akku-Haarschneider CHC-318 BARBER MASTER
152205,5906717464140,Giovanni 6in1 Ashe Super Bubble Tip Set
150636,5906717461811,OCHO NAILS Hybrid Base Powerful 170 -5 g
150637,5906717461828,OCHO NAILS Hybrid Base Powerful 171 -5 g
150638,5906717461835,OCHO NAILS Hybrid Base Powerful 172 -5 g
150639,5906717461842,OCHO NAILS Hybrid Base Powerful 173 -5 g
150640,5906717461859,OCHO NAILS Hybrid Base Powerful 174 -5 g
150641,5906717461866,OCHO NAILS Hybrid Base Powerful 175 -5 g
150642,5906717461873,OCHO NAILS Hybrid Base Powerful 176 -5 g
150643,5906717461880,OCHO NAILS Hybrid Base Powerful 177 -5 g
150644,5906717461897,OCHO NAILS Hybrid Base Powerful 178 -5 g
150645,5906717461903,OCHO NAILS Hybrid Base Powerful 179 -5 g
150646,5906717461910,OCHO NAILS Hybrid Base Powerful 180 -5 g
150647,5906717461927,OCHO NAILS Hybrid Base Powerful 181 -5 g
150648,5906717461934,OCHO NAILS Hybrid Base Powerful 182 -5 g
150658,5906717461941,OCHO NAILS Hybrid Base Powerful 183 -5 g
150659,5906717461958,OCHO NAILS Hybrid Base Powerful 184 -5 g
148577,5906717463686,Kosmetiktischlampe PiX 314 schwarz
148583,5906717463679,Kosmetiktischlampe PiX 314 weiß
148099,5906717457050,Sakura Massagesessel 306A Holzoptik
150993,5906717462832,OCHO NAILS Gel milk -30 g
150994,5906717462849,OCHO NAILS Gel gold -30 g
150995,5906717462856,OCHO NAILS Gel sparkle pink -30 g
150996,5906717462863,OCHO NAILS Gel milk pink -30 g
150178,5906717461378,Gabbiano Friseurwaschbecke Liege Head Spa 017 beige
152195,5906717463945,Tattoo Cartridge EL CARTEL V2 0.25 9RS 10stk.
151037,5906717463150,Momo 04-BL Kosmetiktisch
151035,5906717463136,Momo 04-GL Kosmetiktisch
151040,5906717463181,Momo 04-BL Kosmetiktisch mit Absorber
151036,5906717463143,Momo 04-SL Kosmetiktisch
151038,5906717463167,Momo 04-GL Kosmetiktisch mit Absorber
151039,5906717463174,Momo 04-SL Kosmetiktisch mit Absorber
151046,5906717463242,Momo 05-GL Kosmetiktisch
151047,5906717463259,Momo 05-SL Kosmetiktisch
151048,5906717463266,Momo 05-GL Kosmetiktisch mit Absorber
151049,5906717463273,Momo 05-SL Kosmetiktisch mit Absorber
152014,5906717463747,Armlehne für Maniküre-Croissants
154177,5900117985410,FARMONA LIP GLOW MASK – Feuchtigkeitsspendende & Regenerierende Lippenmaske 12 ml
149681,5906717460647,OCHO NAILS Obermaterial Almond 120 Stück
153290,8421421108557,"Einweg-Bettlaken mit Gummizug, 5 Stück"
154243,7610558017615,Valera Trockner Stahl Master Chrom
154244,7610558017875,Valera Pulsecare Glätteisen – neu
152033,5906717463884,Kosmetiktisch E40
150676,5906717462160,OCHO NAILS Hybrid-Nagellack wedding W01 -5 g
150677,5906717462177,OCHO NAILS Hybrid-Nagellack wedding W02 -5 g
150678,5906717462184,OCHO NAILS Hybrid-Nagellack wedding W03 -5 g
150679,5906717462191,OCHO NAILS Hybrid-Nagellack wedding W04 -5 g
150680,5906717462207,OCHO NAILS Hybrid-Nagellack wedding W05 -5 g
150681,5906717462214,OCHO NAILS Hybrid-Nagellack wedding W06 -5 g
150682,5906717462221,OCHO NAILS Hybrid-Nagellack wedding W07 -5 g
150683,5906717462238,OCHO NAILS Hybrid-Nagellack wedding W08 -5 g
150684,5906717462245,OCHO NAILS Hybrid-Nagellack wedding W09 -5 g
148376,5906717458422,iWax Enthaarungsset Rolle Single F-0 40W weiß + Rolle + Haarentfernungsstreifen
154435,5900117986394,Farmona PODOLOGIC MEDICAL Öl-Serum zur Nagelpflege bei Onycholyse 15ml
154436,5900117986387,Farmona PODOLOGIC MEDICAL Gel zur Pflege von Haut und Nägeln bei Pilzinfektionen 15ml
154437,5900117986400,Farmona PODOLOGIC MEDICAL Creme-Gel für die Füße 200ml
152008,5906717463624,Kinder Friseurcape CJ-03
152010,5906717463648,Kinder Friseur Cape CJ-06
152011,5906717463655,Kinder Friseurumhang CJ-05
152009,5906717463631,Kinder Friseurcape CJ-01
152217,5906717464225,GLOW Wimpernlampe weiß
154450,5906717467219,Kosmetikstuhl QS-OF211G Gold Hellgrau
154378,5901810052447,Apis Schutznebel für Gesicht und Körper SPF 50 150 ml
154379,5901810052423,Apis Schützende Gesichtscreme SPF 50 50 ml
154380,5901810052416,Apis Schützende Gesichtscreme SPF 30 50 ml
154381,5901810052430,Apis Schützendes Körperöl SPF 30 150 ml
154383,5901810052454,Schützende Körperemulsion SPF 30 200 ml
154384,5901810052461,Apis Schützende Körperemulsion SPF 50 200 ml
154385,5901810052478,Apis Beruhigender After-Sun-Körperbalsam 200 ml
152034,5906717463891,Barberstuhl Gabbiano President braun
152035,5906717463907,Hair System Barberstuhl BM88066 Braun
153417,5906717464997,Barberstuhl Gabbiano Niccolo Schwarz
151005,5906717462931,Absorbertasche passend für Momo 6606 und Azzurro F-18 - 5 Stück
152007,5906717463617,Friseurbesen aus Gummi mit Teleskopstiel grau
153414,5906717464966,Barberstuhl Gabbiano Niccolo Schwarz knopflos
153415,5906717464973,Barberstuhl Gabbiano Niccolo braun knopflos
153445,5906717465062,Barberstuhl Gabbiano President Grün
153446,5906717465079,Barberstuhl Gabbiano President Grün Chrom
153411,5906717464935,Gabbiano barberstuhl Francesco Black schwarz
153412,5906717464942,Gabbiano barberstuhl Francesco Black Graphit
154295,5907803465584,PANW ProtectLine 60/80 Med. Unterlage
154296,5906660139591,Vliesunterlage 20gEKO 60cm*100m
154297,5907803465676,Vliesunterlage 20gEKO 80cm*100m
154298,5907803465645,Vliesunterlage 20gEKO 100cm*100m
154299,5906660139607,Vliesunterlage 20g EKO Schwarz 60cm * 50m
154300,5907803465041,Vliesunterlage 20g EKO Schwarz 80cm*50m
154301,5907803465690,Vliesunterlage 20gEKO 60cm*50m
150935,5906717462450,"Friseurbrötchen für Haare E-57 120 Stk. 5,6 cm gold"
152202,5906717464072,Hochtemperatur-Sterilisator SM-360A
150213,8936217071224,Nghia Export T-10 Pinzette
150239,8936217071231,Nghia Export T-11 Pinzette
150945,5906717462481,Einbau-Staubabscheider Momo X1W 100W Professional weiß
150959,5906717462559,Pro Ink 601A Hydraulischer Tattoo Stuhl Schwarz
151884,5906717463389,Kosmetik-Koffer schwarz 44
151885,5906717463396,Kosmetik-Koffer silber 44
151886,5906717463402,Kosmetik-Badehose rosa 44
150661,5906717461972,OCHO NAILS Hybrid-Nagellack muffin M02 -5 g
150662,5906717461989,OCHO NAILS Hybrid-Nagellack muffin M03 -5 g
150663,5906717461996,OCHO NAILS Hybrid-Nagellack muffin M04 -5 g
150664,5906717462009,OCHO NAILS Hybrid-Nagellack muffin M05 -5 g
150665,5906717462016,OCHO NAILS Hybrid-Nagellack muffin M06 -5 g
152037,5906717463921,Gabbiano Barber Stuhl Visionerio hellbraun
152218,5906717464232,Elektrischer Kosmetikliege SILLON CLASSIC 3 Motoren mit Heizung second edition weiß
152036,5906717463914,Gabbiano Barberstuhl Continental braun
154521,5906717467769,Kosmetikhocker 6001-G gold weiß zweite Kategorie
154522,5906717467776,Kosmetikhocker 6001-G gold schwarz zweite Kategorie
152197,5906717464027,Azzurro Lux Kosmetikliege 3m Schwarz
153286,5906717464409,Sillon Eclipse 3 motorisierter elektrischer Kosmetikliege weiß
153287,5906717464416,Elektrische Kosmetikliege Sillon Eclipse 3 schwarz
153288,5906717464423,Sillon Eclipse 3 Motor elektrische Kosmetikliege grau
153289,5906717464430,Sillon Eclipse 4 Motor elektrische Kosmetikliege weiß
151054,5906717463327,Gabbiano Friseurkonsole
152272,5906717464324,Gabbiano Head Spa 050 schwarz
154309,5906717466052,Lafomed Autoklaven-Tablett 3l
154310,5906717466069,Lafomed Autoklaven-Schalenhalter 3l
154311,5906717466076,Lafomed Autoklav Tablett 12l
154312,5906717466083,Lafomed Autoklav Tablett 12l
154313,5906717466090,Lafomed Autoklaven-Tablett 18l
154314,5906717466106,Lafomed Autoklav Tablett 23l
154342,5903819823455,Claresa Aufbaugel Soft&Easy dancing sparkles 12g
154343,5903819825794,Claresa Aufbaugel Soft&Easy blush pink 90g
154372,5906717466960,Tattoo Cartridge EL CARTEL V2 0.35 14RL Medium taper 10stk.
153416,5906717464980,Barberstuhl Gabbiano Niccolo Graphit knopflos
153413,5906717464959,Gabbiano Francesco Barbierstuhl aus Graphit mit gebürstetem schwarzem Gestell
154540,5900117986486,Farmona Enzymatisches Schaumpeeling für Körper und Brust 200 ml
154541,5900117986509,Farmona Öl-Massagecreme für Körper und Dekolleté 500 ml
154542,5900117986493,Farmona Gel-Serum für Körper und Dekolleté 300 ml
154543,5900117986462,"Cremige Maske für Körper und Dekolleté, 200 ml"
154544,5900117986479,Farmona Abschlusscreme für Körper und Dekolleté 280 ml
153421,5906717465024,Gabbiano Friseurstuhl Davos schwarz
153422,5906717465031,Gabbiano Friseurstuhl Davos braun
151011,5906717462962,Sillon hydraulischer Kosmetikstuhl v2 210 Weiß
152032,5906717463877,Sillon hydraulischer Kosmetikstuhl v2 210 schwarz
154535,7610558017738,Haartrockner VALERA 9400 IONIC PLUS rot
154536,7610558017745,Haartrockner VALERA 9200 IONIC PLUS schwarz
154537,7610558018964,Haartrockner VALERA 8600 IONIC Rotocord schwarz
154538,7610558017516,VALERA MatrixCare AI Haartrockner Schwarz
150656,5906717461798,Kosmetikwagen 127
151000,5906717462900,Kosmetikwagen Basic 121
151001,5906717462917,Kosmetikwagen Basic 122
151026,5906717463044,Kosmetiktisch Momo L01 mit Staubabscheider
151029,5906717463075,Kosmetiktisch Momo L02 mit Staubabscheider
151032,5906717463105,Kosmetiktisch Momo L03 mit Staubabscheider
154457,5906717467240,Syis ultraschallbehandlung-gel mit hyaluronsäure 500 ml - neu
154251,5906717466120,ECLIPSE – TOTAL ECLIPSE BLACK 150ml
148578,5906717463693,LED Yoga 22W Silberne Behandlungslampe
148579,5906717463709,Yoga OP-Leuchte schwarz
151887,5906717463419,Kosmetik Koffer schwarz 40
151888,5906717463426,Kosmetikkoffer silber 40
151889,5906717463433,Kosmetikkoffer rosa 40
155284,5906717468841,Einweggriff für EL CARTEL VISPA
155272,5906717468636,Klappbare Massageliege aus Holz BALANCE 2 Segmente weiß
152279,5906717464362,Kabelloses Netzteil PROINK RCA
132734,5906717433498,Friseurwaschbecke Gabbiano Ankara grau
153418,5906717465000,Gabbiano Friseurwaschbecke Sylvia schwarz
153420,5906717464454,Gabbiano Friseurwaschbecke Carmen schwarz
154530,5907457950696,"Ärzterollen aus Vliesstoff WEBER MEDIX PRO 70cm x 50m, weiß, 1 Rolle"
152013,5906717463716,Gabbiano Wasch-Friseurstation 5023
150997,5906717462870,Kabel für EXO SX7 Fräskopf
150998,5906717462887,Kabel für EXO CX3 Fräskopf
154218,5906717465529,Sakura Prime 101 Massagesessel weiß
154219,5906717465536,Sakura Prime 101 Massagesessel Schwarz
154220,5906717465543,Sakura Prime 108 Massagesessel weiß
154221,5906717465550,Sakura Prime 108 Massagesessel schwarz
154171,5906717465420,Gabbiano Porto Friseurstuhl schwarz orange
154172,5906717465437,Gabbiano Porto Friseurstuhl schwarz Schokolade
154292,5906717466533,Spirit:Classic Thermal Paper 11
154293,5906717466540,Spirit:Classic Thermal Paper 14
155259,706096020044,Spirit:Classic Freehand Transfer Paper 100stk.
154178,5906717465482,Hair System Barberstuhl BM88066B Grau
154179,5906717465499,Hair System Barberstuhl BM88066B Schwarz
154180,5906717465505,Hair System Barberstuhl BM88066B Braun
150660,5906717461965,OCHO NAILS Hybrid-Nagellack muffin M01 -5 g
154471,5906717467370,Glas D-20 und D-21 Vaporizer
155412,5900117987483,Farmona UNIQUE SKIN Intensiv feuchtigkeitsspendendes Serum mit Peptiden 30 ml
155413,5900117987490,Farmona UNIQUE SKIN Nachtserum mit Bioretinol 30 ml
155414,5900117987506,Farmona UNIQUE SKIN Sofort aufhellendes Serum mit Vitamin C 30 ml
155415,5900117987513,Farmona UNIQUE SKIN Normalisierendes Serum mit Zink PCA 30 ml
155416,5900117987520,Farmona UNIQUE SKIN Lifting-Serum mit TensUp 30 ml
155417,5900117987537,Farmona UNIQUE SKIN Glättendes Serum mit Niacinamid 30 ml
153406,5906717464881,Gabbiano Bruno Barberstuhl Graphit mit schwarzem Gestell
153407,5906717464898,Gabbiano Bruno Barberstuhl schwarz mit schwarzem Gestell
153408,5906717464904,Gabbiano Bruno Brauner Barberstuhl mit schwarzem Gestell
153409,5906717464911,Gabbiano Bruno Barberstuhl Graphit mit Gestell aus Graphit
153410,5906717464928,Gabbiano Bruno Barberstuhl schwarz mit Gestell Graphit
149663,5906717460470,Stativhalter Ständer Friseurkopf Gabbiano 41
149666,5906717460500,Stativhalter Ständer Friseurkopf Gabbiano 44
150632,5906717461699,Absorberbeutel 8A 5 Stück
154347,5905427082965,Einweg-Sesselbezug mit Gummiband 10 Stk. Schwarz
155252,5906717468742,OCHO NAILS Hybrid-Nagellack Sorbet S01 -5 g
155253,5906717468759,OCHO NAILS Hybrid-Nagellack Sorbet S02 -5 g
155254,5906717468766,OCHO NAILS Hybrid-Nagellack Sorbet S03 -5 g
155256,5906717468773,OCHO NAILS Hybrid-Nagellack Sorbet S04 -5 g
155257,5906717468780,OCHO NAILS Hybrid-Nagellack Sorbet S05 -5 g
155258,5906717468797,OCHO NAILS Hybrid-Nagellack Sorbet S06 -5 g
150966,5906717462672,Hydraulischer Tattoo-Stuhl PRO INK 322F schwarz
154564,8421421900656,Depilflax 100 Enthaarungswachs Gold Dose 500 ml
154165,5906717465369,Gabbiano Friseurstuhl Sewilla Schwarz
154166,5906717465376,Gabbiano Friseurstuhl Sewilla Grau Basis schwarz
154167,5906717465383,Gabbiano Friseurstuhl Sewilla Grau INOX-Basis
150988,5906717462788,OCHO NAILS  Konstruktion-Gel beige 30 g
150989,5906717462795,OCHO NAILS Konstruktion-Gel white 30 g
150990,5906717462801,OCHO NAILS Konstruktion-Gel cover 30 g
150991,5906717462818,OCHO NAILS Konstruktion-Gel light pink 30 g
150992,5906717462825,OCHO NAILS Konstruktion-Gel pink 30 g
154375,5906717468278,OCHO NAILS Bonding Base für Gel 5g
154138,5906717465093,Gabbiano Friseurstuhl Porto grau grau
154139,5906717465109,Gabbiano Friseurstuhl Porto grau schwarz
154140,5906717465116,Gabbiano Friseurstuhl Porto grau Weiß
154145,5906717465161,Friseurwaschstation Porto Grau Grau
154146,5906717465178,Friseurwaschstation Porto Grau Schwarz
154147,5906717465185,Friseurwaschstation Porto Grau Weiß
154183,5906717465567,Sakura Massagesessel Luxury 808 schwarz
154184,5906717465574,Sakura Massagesessel Luxury 808 weiß-beige
155432,5906717470158,Black Label – Proton Professional Stencil Primer – AIRLESS SYSTEM – 250 ml
154176,5906717465475,EXO Runner Up Nagelfräser schwarz
155489,8059482220156,PANTHERA WITCH HAZEL 150ml
155487,8059482220125,Panthera Cristal Shading Solution – 150 ml
155488,8059482220422,Panthera Cristal Shading Solution – 500 ml
153419,5906717465017,Gabbiano Friseurwschbecke Sylvia beige
150699,5906717464157,Syis Natural Beauty Yuzu Gesichtscreme 150 ml
150700,5906717464164,Syis Natural Beauty Wake-up Shot Augencreme 150 ml
150701,5906717464195,Syis Natural Beauty Mango Booster Gesichtsserum 50 ml
150702,5906717464188,Syis Natural Beauty Redberry Gesichtspeeling 300 ml
150703,5906717464171,Syis Natural Beauty tropische Erfrischung Gesichtswasser 250 ml
150704,5906717464201,Syis Natural Beauty exotisches Gesicht Sensifoam 150 ml
154215,5906717465888,Gabbiano Friseurhocker D032 schwarz
154217,5906717465901,Gabbiano Friseurhocker D032 graubeige
154216,5906717465895,Gabbiano Friseurhocker D032 Braun
154191,5906717465642,Gabbiano Levi Barber's Chair Braun mit schwarzem Gestell ohne Naht hinten
154192,5906717465659,Gabbiano Levi Barber's Stuhl Grau mit schwarzem Gestell ohne Naht hinten
154190,5906717465635,Gabbiano Levi Barberstuhl Schwarz mit schwarzem Gestell ohne Naht hinten
154469,5906717467356,Kosmetikhocker AM-310 schwarz v
154470,5906717467363,Kosmetikhocker AM-310 weiß v
154551,5906717467882,Kosmetischer Kombi Giovanni 6in1 Ashe Super Bubble mit Wasserstoffgenerator
155490,5906717470271,Kabel für EXO SX7 Fräskopf - neue Version
155546,5906717470516,Kabel für EXO CX3 Fräskopf - neue Version
154152,5906717465239,Gabbiano Friseurstuhl Lucca Schwarz
154153,5906717465246,Gabbiano Friseurstuhl Lucca Grau
154196,5906717465697,Gabbiano Friseurstuhl Elda Schwarz
154197,5906717465703,Gabbiano Friseurstuhl Elda Brown
154198,5906717465710,Gabbiano Friseurstuhl Elda Grau-Beige
154322,5906717466632,Hair System Friseurstuhl Borneo Schwarz
155607,5903819839593,CLARESA HYBRID-NAGELLACK AUTUMN CRUSH 1 5G
155608,5903819839609,CLARESA HYBRID-NAGELLACK AUTUMN CRUSH 2 5G
154141,5906717465123,Gabbiano Friseurstuhl Porto Weiß Schwarz
154142,5906717465130,Gabbiano Friseurstuhl Porto Weiß Grau
154143,5906717465147,Gabbiano Friseurstuhl Porto Weiß Weiß
154144,5906717465154,Gabbiano Friseurstuhl Porto Weiß Beige
154148,5906717465192,Friseurwaschstation Porto Weiß Schwarz
154149,5906717465208,Friseurwaschstation Porto Weiß Grau
154151,5906717465222,Friseurwaschstation Porto Weiß Beige
154173,5906717465444,Friseurwaschstation Porto schwarz  orange
154174,5906717465451,Friseurwaschstation Porto schwarz  schokoladenbraun
155569,5906717470585,SYIS HYDRO FEUCHTIGKEITSSPENDENDER COCKTAIL 500 ML
154387,5906717467028,DENSON ACDS-100 Ultraschall-Reinigungskappe. 0.6 L 50W schwarz
154212,5906717465857,Gabbiano Friseurhocker D026 schwarz
154213,5906717465864,Gabbiano Friseurhocker D026 braun
154214,5906717465871,Gabbiano Friseurhocker D026 Grau-Beige
154458,5906717467257,Momo 05-BL Kosmetiktisch
154459,5906717467264,Momo 05-BL Kosmetiktisch mit Absorber
155565,5905705044272,CELL COSMETICS Protection Face Cream – P53 Protein – Gesichtscreme 50 ml
155566,5905705044265,CELL COSMETICS Face Serum – P53 Protein – Konzentriertes Gesichtsserum 30 ml
155567,5905705044258,CELL COSMETICS Eye Serum – P53 Protein – Konzentriertes Augenserum 15 ml
155425,5906717470011,Syis Pink Balance – Rosa Magnesiumsalz für das Fußbad 600 g
155426,5906717470028,Syis Azure Velvet – Fußbadesalz mit Urea 600 g
155427,5906717470035,Syis Heat Bloom – Wärmende Körpermaske 500 ml
155428,5906717470042,Syis Sugar Rash Pflegendes Zucker Körperpeeling 500 ml
155429,5906717470059,Syis Deep Sea Caviar Balm – Exklusive Körperlotion 500 ml
155431,5906717470066,"Syis NeuroCalm Gel – Peptid-Gel für manuelle Massage, Sonophorese und Iontophorese 500 ml"
154877,5906717468469,Azzurro Lux Kosmetikliege 3m Weiß mit Heizung
154878,5906717468476,Azzurro Lux Kosmetikliege 4m Weiß mit Wiegefunktion
154879,5906717468483,Azzurro Lux Pedi-Kosmetikliege 3m weiß
154880,5906717468490,Kosmetikliege Azzurro Lux pedi 5m weiß
154188,5906717465611,Gabbiano Head Spa Malediven Friseurwaschbecke Liege Beige
154189,5906717465628,Gabbiano Head Spa Malediven Friseurwaschbecke Liege Braun
154391,5906717467066,Gabbiano Friseurwaschbecke Liege Head Spa Bali Schwarz
154392,5906717467073,Gabbiano Friseurwaschbecke Liege Head Spa Bali Braun
154393,5906717467080,Gabbiano Friseurwaschbecke Liege Head Spa Bali Weiß
154394,5906717467097,Gabbiano Friseurwaschbecke Liege Head Spa Bali Grau
154456,5906717467233,Elektrische Kosmetikliege SILLON CLASSIC 3 Motoren modern brown
154455,5906717467226,Elektrische Kosmetikliege SILLON CLASSIC 3 Motoren sea salt
154525,5906717467806,GLOW Maniküre Lampe ARCHE II Grau
154526,5906717467813,GLOW Maniküre Lampe ARCHE II Braun
154168,5906717465390,Gabbiano Friseurstuhl Sevilla Schwarz
154169,5906717465406,Gabbiano Friseurstuhl Sevilla Grau
154346,5905427082972,Einweg-Sesselbezug mit Gummiband 10 Stk. rosa
149655,5906717460449,"Stäbchen zur Haarentfernung in Nase und Ohren, 10 Stück"
154567,5906717468018,Sillon hydraulischer Kosmetikstuhl v2 210 sea salt
154568,5906717468025,Sillon hydraulischer Kosmetikstuhl v2 210 modern brown
154158,5906717465291,Gabbiano Friseurstuhl Mataro Schwarz
154159,5906717465307,Gabbiano Friseurstuhl Mataro Grau
154160,5906717465314,Gabbiano Friseurstuhl Mataro Braun
154199,5906717465727,Gabbiano Friseurstuhl Bilbao Schwarz
154200,5906717465734,Gabbiano Friseurwaschbecke Bilbao Braun
154201,5906717465741,Gabbiano Friseurwaschbecke Bilbao Grau und Beige
154161,5906717465321,Gabbiano Friseurwaschbecke Mataro Schwarz
154162,5906717465338,Gabbiano Friseurwaschbecke Mataro Grau
154163,5906717465345,Gabbiano Friseurwaschbecke Mataro Braun
154205,5906717465789,Gabbiano Friseurwaschbecke Elda Schwarz
154206,5906717465796,Gabbiano Friseurwaschbecke Elda Brown
154207,5906717465802,Gabbiano Friseurwaschbecke Elda grau-beige
154208,5906717465819,Gabbiano Friseur Bilbao Schwarz
154209,5906717465826,Gabbiano Friseurwaschbecke Bilbao Braun
154210,5906717465833,Gabbiano Friseurwaschbecke Bilbao grau-beige
149680,5906717460630,OCHO NAILS Obermaterial Ballerina 120 Stück
149682,5906717460654,OCHO NAILS Obermaterial square 120 Stück
155591,5903819838299,CLARESA HARD&EASY BUILDER GEL CLEAR 12g
155592,5903819838381,CLARESA HARD&EASY BUILDER GEL CLEAR 45g
155593,5903819838374,CLARESA HARD&EASY BUILDER GEL FRENCH PINK 12g
155594,5903819838466,CLARESA HARD&EASY BUILDER GEL FRENCH PINK 45g
155595,5903819838350,CLARESA HARD&EASY BUILDER GEL GLAM PINK 12g
155596,5903819838442,CLARESA HARD&EASY BUILDER GEL GLAM PINK 45g
155597,5903819838343,CLARESA HARD&EASY BUILDER GEL LIGHT BEIGE 12g
155598,5903819838435,CLARESA HARD&EASY BUILDER GEL LIGHT BEIGE 45g
155599,5903819838312,CLARESA HARD&EASY BUILDER GEL MILKY PINK 12g
155600,5903819838404,CLARESA HARD&EASY BUILDER GEL MILKY PINK 45g
155601,5903819838367,CLARESA HARD&EASY BUILDER GEL MILKY WHITE 12g
155602,5903819838459,CLARESA HARD&EASY BUILDER GEL MILKY WHITE 45g
155603,5903819838305,CLARESA HARD&EASY BUILDER GEL NATURAL 12g
155604,5903819838398,CLARESA HARD&EASY BUILDER GEL NATURAL 45g
155605,5903819838336,HARD&EASY BUILDER GEL PANNA COTTA 12g
155606,5903819838428,CLARESA HARD&EASY BUILDER GEL PANNA COTTA 45g
154884,5906717468537,Mikrodermabrasion filtert Baumwolle große 40 Stück
155542,5906717470486,Mikrodermabrasion filtert Baumwolle kleine 40 Stück
154482,5906717467424,GLOW Wimpernlampe schwarz
154481,5906717467400,Saeyang Nagelfräser Marathon 3 Champion NEW white + H200
154483,5906717467417,Saeyang Nagelfräser Marathon 3 Champion NEW schwarz + H200
154368,5906717466984,Friseurfolie in Flocken
154693,8032804641921,Mondial DETRISAN Spray zur Desinfektion von nicht-invasiven Geräten
155270,5906717468612,Klappbare Massageliege Aluminium BALANCE 2 Segmente Creme
155271,5906717468629,Klappbare Massageliege Aluminium BALANCE 2 Segmente schwarz
155273,5906717468889,Klappbare Massageliege Holz BALANCE 2 Segmente Schwarz
155274,5906717468896,Klappbare Massageliege Aluminium BALANCE 3 Segmente Weiß
155275,5906717468902,Klappbare Massageliege Aluminium BALANCE 3 Segmente Schwarz
155277,5906717468926,Klappbare Massageliege Holz BALANCE 3 Segmente Schwarz
155278,5906717468933,Klappbare Massageliege Holz BALANCE 2 Segmente 190x70 Schwarz
155279,5906717468940,Klappbare Massageliege Holz BALANCE 2 Segmente 190x70 Weiß
155280,5906717468957,Klappbare Massageliege Holz BALANCE 3 Segmente 190x70 Schwarz
155281,5906717468964,Klappbare Massageliege Holz BALANCE 3 Segmente 190x70 Weiß
155282,5906717468971,Klappbare Massageliege Aluminium BALANCE 2 Segmente Rosa
155283,5906717468988,Klappbare Massageliege Holz BALANCE 2 Segmente rosa schwarzes
155570,5906717470592,Syis Hydro Peeling-Cocktail 500 ml – Wasserstoffreinigung
155245,5906717468704,Gabbiano Barber Stuhl Visionerio schwarz schwarzer Rahmen
155743,5906717471353,Syis Hydro Nahrungsergänzungsgetränk 500 ml – Wasserstoffreinigung
154367,5906717466977,Friseur-Koffer T-08-1
155575,5904555303966,"Einwegpapierblatt 50 x 40 m, weiß"
155572,5904555305120,"Einwegpapier 50 x 40 m, schwarz"
154561,5906717467974,Exo Silent SX7 bürstenloser Fräskopf
154563,5906717467981,Exo Eko CX3 Fräskopf
154571,5906717468056,Glas F-17 Vaposon
154572,5906717468063,Glasvaposon-Tank D-008 D-09
155398,5906717469992,Saeyang Nagelfräser Marathon K35 mini Rosa + H200
155399,5906717470004,Saeyang Nagelfräser Marathon K35 mini Gelb + H200
154553,5906717467950,Handtuchwärmer ELEGANTE E3 450W
154170,5906717465413,Ghost-Schönheitsstuhl
154211,5906717465840,Kosmetikschreibtisch G031 weiß
154472,5906717467387,Hair System Barberstuhl New York schwarz gold
154315,5906717466564,Hair System Friseurstuhl Halo Grau
154316,5906717466571,Hair System Friseurstuhl Halo grey Grau
154317,5906717466588,Hair System Friseurstuhl Halo noir Schwarz
154320,5906717466618,Haarsystem Friseurstuhl Studio noir Schwarz
154321,5906717466625,Hair System Friseurstuhl Tru noir Schwarz
154333,5906717466731,Hair System Friseurstuhl Duplex noir Schwarz
154337,5906717466779,Hair System Friseurstuhl Edge noir Schwarz
155687,5901810052737,Apis PEACHY SKIN Feuchtigkeitsspendende Tagescreme SPF 20 50 ml
155688,5901810052744,Apis PEACHY SKIN Nährende Nachtcreme 50 ml
155689,5901810052751,Apis PEACHY SKIN Nährende Gesichtsmaske 100 ml
155690,5901810052768,Apis PEACHY SKIN Illuminating Serum 15 ml
155691,5901810052775,Apis PEACHY SKIN Feuchtigkeitsspendende Körperlotion 200 ml
155692,5901810052812,Apis ACNE-STOP Home terApis Reinigender Gesichtsschaum 150 ml
155746,7610558017714,Valera Haartrockner 8500 ionic 2000W Rotocord night black
155747,7610558017677,Valera Haartrockner 8700 ionic 2400W Rotocord
154240,5906717465987,Friseurassistent 2027B
154241,5906717465994,Friseurassistent 2027BG
155515,8936000923174,Nghia Export Nagelhautzange C-111
155516,8936000923181,Nghia Export Nagelhautzange C-112
155517,8936000923211,Nghia Export Nagelhautzange C-118
155518,8936000923198,Nghia Export Nagelhautzange C-114
154324,5906717466656,Tattoo-Assistent Pro Ink 015 schwarz
154325,5906717466663,Tattoo-Assistent Pro Ink 005 schwarz
155661,5906717470707,Tattoo Cartridge EL CARTEL V2 0.30 5RM ShortTaper 10stk.
155662,5906717470714,Tattoo Cartridge EL CARTEL V2 0.30 5RM MediumTaper 10stk.
155663,5906717470721,Tattoo Cartridge EL CARTEL V2 0.30 5RM LongTaper 10stk.
155664,5906717470738,Tattoo Cartridge EL CARTEL V2 0.30 13RM MediumTaper 10stk.
155665,5906717470745,Tattoo Cartridge EL CARTEL V2 0.30 17RM MediumTaper 10stk
155666,5906717470752,Tattoo Cartridge EL CARTEL V2 0.30 17RM LongTaper 10stk.
155667,5906717470769,Tattoo Cartridge EL CARTEL V2 0.30 23RM MediumTaper 10stk.
155668,5906717470776,Tattoo Cartridge EL CARTEL V2 0.30 25RM MediumTaper 10stk.
155669,5906717470783,Tattoo Cartridge EL CARTEL V2 0.35 17RM LongTaper 10stk.
155670,5906717470790,Tattoo Cartridge EL CARTEL V2 0.35 17RM MediumTaper 10stk.
155671,5906717470806,Tattoo Cartridge EL CARTEL V2 0.35 19RM LongTaper 10stk.
155672,5906717470813,Tattoo Cartridge EL CARTEL V2 0.35 19RM MediumTaper 10stk.
153364,5906717464492,Syis Cream Vitamin Cocktail
153366,5906717464515,Syis Cream Mask für Couperose Haut 250 ml
153367,5906717464522,Syis Normalizing Cream Mask 250 ml
153368,5906717464539,Syis Vitamin Bomb Cream Mask 250 ml
153369,5906717464546,Syis-Crememaske mit Hyaluronsäure 250 ml
153370,5906717464553,Syis Nährende Gesichtsmassagecreme 250 ml
153380,5906717464638,Syis Biphasic Augen- und Lippenmake-up-Entferner 250 ml
153384,5906717464676,Syis Make-up-Entferner Milch 250 ml
153388,5906717464713,Syis Cleansing Face Gel 250 ml
153389,5906717464720,Syis-Fruchtpeeling mit Korund 250 ml
153390,5906717464737,Syis-Enzym-Schälen 250 ml
153392,5906717464751,Syis Cleansing Toner 250 ml
154345,5905427082958,"Einweg-Non-Woven Handtuchrollen 30 cm x 120 m, Viskose 100 %"
154357,5906717466892,iWax Wachserhitzer Dose 500 ml 100 W schwarz
155555,5906717470554,Kessner JET2 Professioneller Haartrockner 2200 W
154550,5906717467875,Entstaubungspinsel OCHO 3
135862,5906717440656,Saeyang Halterung für Marathon 103 Handstück
155728,5906717471124,Gabbiano Kosmetikhocker Q-4599 Schwarz V2
155727,5906717471117,Gabbiano Kosmetikhocker Q-4599G Schwarz V2
155286,5906717468995,Gabbiano Barberstuhl Elias Rot
155287,5906717469008,Gabbiano Barberstuhl Elias Schwarz
155288,5906717469015,Gabbiano Barberstuhl Athena Grau
155289,5906717469022,Gabbiano Barberstuhl Athena Schwarz
155243,5906717468681,Gabbiano Friseurstuhl Visionerio grün Chromgestell
155244,5906717468698,Gabbiano Friseurstuhl Visionerio rot Chromgestell
154875,5906717468445,Azzurro Lux Kosmetikliege 3m Weiß
155246,5906717468711,Gabbiano Friseurstuhl Visionerio grau Chromgestell
155269,5906717468872,Gabbiano Friseurstuhl Visionerio rosa Chromgestell
154154,5906717465253,Gabbiano Friseurstuhl Lucca Braun
154318,5906717466595,Hair System Friseurstuhl Jet Latte Beige
154194,5906717465673,Gabbiano Friseurstuhl Vitoria Braun
154319,5906717466601,Hair System Friseurstuhl Jet Noir Schwarz
154193,5906717465666,Gabbiano Friseurstuhl Vitoria Schwarz
154195,5906717465680,Gabbiano Friseurstuhl Vitoria Graubeige
154547,5906717467851,Einbau-Staubabsauger Momo J-404
154548,5906717467868,Kassettenfilter für Staubabscheider Momo J-404
155355,5906717469671,Glow Maniküre-Behandlungslampe L05 auf die Arbeitsplatte gebogen
155394,5906717469985,OCHO MINI UV-LED-Lampe
155500,5906717470370,Glow 112 UV-LED-Lampe
155354,5906717469664,"Glow-Maniküre-Behandlungslampe L05, die schwarz auf die Arbeitsplatte gebogen ist"
155513,5906717470417,Saeyang Nagelfräser Marathon 3 Champion NEW white + SH37LN
155765,5906717471445,Saeyang Nagelfräser Marathon 3 Champion NEW schwarz + SH37LN
155693,5906717470288,Saeyang Nagelfräser Marathon N2 Retro + H200
154202,5906717465758,Gabbiano Friseurwaschplatz Vitoria Schwarz
154203,5906717465765,Gabbiano Friseurwaschplatz Vitoria Braun
154204,5906717465772,Gabbiano Friseurwaschplatz Vitoria Graubeige
155299,5906717469114,Saeyang Marathon Mini Cro bürstenlose  Nagelfräser
155300,5906717469121,Saeyang Marathon K30S bürstenlose Nagelfräser
150940,5906717462467,Kosmetikspiegel 324  mit Staubfänger weiß
154355,5906717466885,Azzurro Duschwanne mit Massagegerät und weißem Wagen
154356,5906717466878,Azzurro Duschwanne mit Massagegerät und weißem Wagen
155525,8936217071415,Nghia Export Metallhufeisen P.20
155526,8936217071422,Nghia Export Metallhufeisen P.21
155527,8936217071439,Nghia Export Metallhufeisen P.22
155712,5906717471254,"Einweg-Folienbettlaken, schwarz, mit Gummizug"
149500,5906717459788,Staubabsauger Momo P10 Pro
155499,5906717470363,Filter für Staubabsauger Momo P10 Pro
155504,8421421900557,Depilflax 100 Enthaarungswachs Rolle Aloe Vera 110 g
155505,8421421900502,Depilflax 100 Enthaarungswachs Rolle Creamy Pink 110 g
155506,8421421900281,Depilflax 100 elastisches Wachs zur Haarentfernung mit niedrigem Schmelzpunkt Malva 5AB 1000 g
155507,8421421900236,Depilflax 100 elastyczny wosk do depilacji o niskiej temperaturze topnienia Oro 5AB złoty 1000 g
155503,8421421900519,Depilflax 100 Enthaarungswachs Rolle Gold 110 g
154510,5906717467653,Pro Ink Tattoo-Stuhl 605 mit stufenloser Verstellung Schwarz
155356,5906717469688,Podologischer Arbeitswagen 984 Weiß
154881,5906717468506,Elektrische Kosmetikliege Azzurro 803D 3 Motor. weiß
154323,5906717466649,Gabbiano Head Spa Malediven Friseurwaschbecke Liege Schwarz
154388,5906717467035,Gabbiano Friseurstuhl Madryt Schwarz
154389,5906717467042,Gabbiano Friseurwaschplatz Madryt Schwarz
155263,5906717468827,Gabbiano Friseurhocker D054G Gold-Schwarz
155264,5906717468834,Gabbiano Friseurhocker D054G Gold-Weiß
155710,5907803465928,"Gesichtsmasken aus Gaze 100 % COTTON 25 × 36, 100 Stk."
155761,5906717471407,Saeyang Handstück MH24 Typ E
155521,8936217071385,Nagelhautschere für Linkshänder Nghia Export KD.718
155522,8936217071897,Federschere für Nagelhaut Nghia Export KDN.720
155523,8936217071903,Federschere für Nagelhaut Nghia Export KDN.721
155817,7610558017752,Haartrockner Valera Light 3400 ionic 2000W
155834,7610558017721,Haartrockner VALERA 7500 Light IONIC 2000W Rotocord
155519,8936000923044,Nagelhautzange Nghia Export C-35 Backen 12 (5 mm)
155520,8936217071828,Nagelhautzange Nghia Export CL.223 8 mm
155739,5906717471230,Behandlungsstuhl für Wimpern Sillon Umbra weiß mit goldenem Untergestell
155740,5906717471247,Behandlungsstuhl für Wimpern Sillon Corona schwarz mit goldenem Untergestell
155738,5906717471223,Behandlungsstuhl für Wimpern Sillon Alba schwarz mit goldenem Untergestell
154232,5906717465918,Kosmetikspiegel G031 mit Absaugvorrichtung S-41 weiß
154683,5906717468186,SPA-Liege Sillon Siesta cremefarben mit schwarzem Untergestell
154684,5906717468193,SPA-Liege Sillon Siesta cremefarben mit hellbraunem Untergestell
154685,5906717468209,SPA-Liege Sillon Relax cremefarben mit hellbraunem Untergestell
154686,5906717468216,SPA-Liege Sillon Relax cremefarben mit schwarzem Untergestell
154687,5906717468223,SPA-Liege Sillon Comfort cremefarben mit hellbraunem Untergestell
154688,5906717468230,SPA-Liege Sillon Comfort cremefarben mit schwarzem Untergestell
154689,5906717468247,SPA-Liege Sillon Leisure
154690,5906717468254,SPA-Liege Sillon Leisure Premium
154185,5906717465581,Sakura Massagesessel 809 3D schwarz
154186,5906717465598,Sakura Massagesessel 809 3D weiß-grau
154187,5906717465604,Sakura Massagesessel 809 3D grau-blau
154876,5906717468452,Kosmetikhocker 6001 pink
155905,5906717472268,Gabbiano Friseurwaschbecke Liege Head Spa 017 Grau
155903,5906717472244,Gabbiano Friseurwaschbecke Liege Head Spa 017 beige
155840,5906717471261,Tattoo Cartridge EL CARTEL V2 0.35 21RM ShortTaper 10stk.
155841,5906717471278,Tattoo Cartridge EL CARTEL V2 0.35 21RM MediumTaper 10stk.
155842,5906717471285,Tattoo Cartridge EL CARTEL V2 0.35 21RM LongTaper 10stk.
155843,5906717471292,Tattoo Cartridge EL CARTEL V2 0.35 25RM ShortTaper 10stk.
155844,5906717471308,Tattoo Cartridge EL CARTEL V2 0.35 25RM MediumTaper 10stk.
155845,5906717471315,Tattoo Cartridge EL CARTEL V2 0.35 25RM LongTaper 10stk.
155846,5906717471322,Tattoo Cartridge EL CARTEL V2 0.35 27RM ShortTaper 10stk.
155847,5906717471339,Tattoo Cartridge EL CARTEL V2 0.35 27RM MediumTaper 10stk.
155848,5906717471346,Tattoo Cartridge EL CARTEL V2 0.35 27RM LongTaper 10stk.
155556,5906717470561,Kessner-Blasgerät
155326,5906717469381,Schrank Kombi Weiß
155327,5906717469398,Schrank Kombi Grau
154883,5906717468520,Elektrischer Kosmetikstuhl für Pediküre Azzurro 706 1 Motor weiß
154692,5906717468285,Hydraulischer Kosmetikstuhl Sillon A 210DH mit Wiege weiß
154234,5906717465925,Friseurstation TOTEM GOLD
154237,5906717465956,Friseurstation TOTEM BLACK
154155,5906717465260,Friseursalon-Waschbecken Gabbiano Lucca schwarz
154156,5906717465277,Friseursalon-Waschbecken Gabbiano Lucca grau
154157,5906717465284,Friseursalon-Waschbecken Gabbiano Lucca braun
154334,5906717466748,Friseursalon Hair System Duplex Noir
154338,5906717466786,Friseursalon Hair System Edge Noir
155890,5906717472138,Gabbiano Friseurwaschbecke Liege Head Spa 017 Schwarz
155301,5906717469138,Friseurstuhl Hair System Komodo schwarz
155303,5906717469152,Friseursalon-Waschbecken Hair System Komodo schwarz
155902,5906717472237,Gabbiano Friseurwaschbecke Liege Head Spa 017B beige
155574,5906717470615,Gabbiano Levi Barber's Stuhl Grau mit schwarzem Gestell mit Naht hinten
155889,5906717472121,Gabbiano Friseurwaschbecke Liege Head Spa 017B Schwarz
155904,5906717472251,Gabbiano Friseurwaschbecke Liege Head Spa 017 Braun
154358,5906717466908,Head Spa Friseurwaschstation mit Liege Gabbiano Sea 501
155813,5900117987889,Farmona VITAMIN C aufhellende Vitamincreme 150 ml
155861,5900117988350,Farmona Skin Salt Fresh Watermelon – Fußbadesalz mit Wassermelone 1250 g
155862,5900117988367,Farmona Skin Cream Mask Fresh Watermelon – Körper- und Fußcreme-Maske mit Wassermelone 500 ml
155864,5900117984338,Farmona Professional Revitalisierendes Peeling-Serum für den Heimgebrauch 30 ml
155865,5900117984383,Farmona Professional – beruhigende und feuchtigkeitsspendende Maske für den Heimgebrauch 75 ml
155493,5906717470301,Maniküre-Ablage Momo 7-M Weiß
155494,5906717470318,Maniküre-Ablage Momo 7-M Rosa
155495,5906717470325,Maniküre-Ablage Momo 7-M SchwarZ
154492,5906717467486,Omega Friseurwaschbecken Nautica braun
154493,5906717467493,Omega Friseurwaschbecken Nautica schwarz
154494,5906717467509,Omega Friseurwaschbecken Aqualina beige
154495,5906717467516,Omega Friseurwaschbecken Aqualina schwarz
154505,5906717467608,Friseurstuhl Omega Aurora hellbraun
154506,5906717467615,Friseurstuhl Omega Aurora schwarz
154507,5906717467622,Wartezimmersessel Omega Grandeur hellbraun
154508,5906717467639,Friseurstuhl Omega Andromeda schwarz
154509,5906717467646,Friseurstuhl Omega Lyra schwarz
154511,5906717467660,Friseurstuhl Omega Astra beige
154512,5906717467677,Friseurstuhl Omega Astra schwarz
154513,5906717467684,Friseurstuhl Omega Astra Plus beige
154514,5906717467691,Friseurstuhl Omega Astra Plus schwarz
154515,5906717467707,Friseurstuhl Omega Luna schwarz
154527,5906717467820,Friseurwaschbecken Omega Marina beige
154528,5906717467837,Friseurwaschbecken Omega Marina schwarz
154175,5906717465468,VIVA 602S Nagelfräser Weiß
154516,5906717467714,Omega Supremo Drehstuhl braun
154517,5906717467721,Omega Supremo Drehstuhl schwarz
154518,5906717467738,Omega Kopfstütze braun
154519,5906717467745,Omega Kopfstütze schwarz
155496,5906717470332,Staubfilter MOMO P30 60 W weiß
155498,5906717470356,Einbau-Staubfilter MOMO P30 60 W weiß
155497,5906717470349,Staubfilter MOMO P30 60 W gold
155973,5906735706192,BARBICIDE Konzentrat zur Desinfektion von Instrumenten und Zubehör 1900 ml
155248,5906717468728,Barberstuhl Gabbiano President rosa mit schwarzem Gestell
155769,5906717471469,Friseurstuhl Gabbiano Francesco grau mit schwarzem Gestell
155911,5906717472275,Friseurstuhl Gabbiano Francesco Graphit mit schwarzem Gestell 2. Klasse
155912,5906717472282,Barbierstuhl Gabbiano Francesco Graphit mit gebürstetem schwarzem Gestell 2. Klasse
155720,5906717471049,Friseurstuhl Gabbiano Acri schwarz
155721,5906717471056,Friseurstuhl Gabbiano Acri Beige
155725,5906717471094,Friseurstuhl Gabbiano Royal X rot
155726,5906717471100,Friseurstuhl Gabbiano Royal X grün
155538,5906717470448,SPA-Kosmetikstuhl für die Pediküre Sillon Elysia beige
155539,5906717470455,SPA-Kosmetikstuhl für die Pediküre Sillon Elysia creme
155294,5906717469060,Kinderfriseurstuhl in Autoform Gabbiano BMW
154694,5906717468292,Barberstuhl Gabbiano Rufo Beige
155291,5906717469039,Kinderfriseurstuhl in Autoform Gabbiano Lamborghini
155292,5906717469046,Kinderfriseurstuhl in Autoform Gabbiano Mercedes
155293,5906717469053,Kinderfriseurstuhl Gabbiano Feuerwehrauto
154327,5906717466687,Kosmetikschreibtisch 332 weiß
151016,5906717463006,Tattooliege Pro Ink 210DH mit Wiegefunktion schwarz
155919,5906717472350,Einweg-bademantel kurzer ärmel 10 Stück
155302,5906717469145,Friseursalon-Waschbecken Hair System Borneo schwarz
154882,5906717468513,Elektrischer Kosmetikstuhl Azzurro 708A mit 4 Motoren superweiß
155901,5906717472220,Elektrische Massageliege Azzurro 684A 1 Motor schwarz
155908,5900117012048,Farmona TRYCHO PERFUME Parfümierter Feuchtigkeitsnebel für Haar und Körper 50 ml
155909,5900117012055,Farmona TRYCHO PERFUME Parfümierter Erfrischungsnebel für Haar und Körper 50 ml
155964,5900117011997,Farmona TRYCHO CLEAN Spezial-Reinigungsspülung 900 ml
155965,5900117011980,Farmona TRYCHO CLEAN Spezielles Reinigungsshampoo 900 ml
155966,5900117011867,Farmona TRYCHO GLOW Spezieller Feuchtigkeits-Conditioner 900 ml
155967,5900117011850,Farmona TRYCHO GLOW Spezielles feuchtigkeitsspendendes Shampoo 900 ml
155968,5900117012024,Farmona Parfümierter Feuchtigkeitsnebel für Haar und Körper 200 ml
155969,5900117012031,Farmona Parfümierter Erfrischungsnebel für Haar und Körper 200 ml
155970,5900117011904,Farmona TRYCHO GLOW Spezialisierte Feuchtigkeitsmaske 375 ml
155971,5900117012000,Farmona TRYCHO CLEAN Spezielles Reinigungspeeling 375 ml
155972,5900117012017,Farmona TRYCHO SMOOTH Spezialisierte Glättungscreme 375 ml
155304,5906717469169,Stuhl 4Rico Linea schwarz
155306,5906717469183,Stuhl 4Rico Linea grau
155308,5906717469206,Stuhl 4Rico Linea weiß
155312,5906717469244,Stuhl 4Rico Intra schwarz
155314,5906717469268,Stuhl 4Rico Intra grau
155316,5906717469282,Stuhl 4Rico Intra weiß
155320,5906717469329,Stuhl 4Rico Asola schwarz
155322,5906717469343,Stuhl 4Rico Asola grau
155324,5906717469367,Stuhl 4Rico Asola weiß
155328,5906717469404,Stuhl 4Rico Verso schwarz
155330,5906717469428,Stuhl 4Rico Verso grau
155332,5906717469442,Stuhl 4Rico Verso weiß
155336,5906717469480,Stuhl 4Rico Vetro schwarz
155338,5906717469503,Stuhl 4Rico Vetro grau
155344,5906717469565,Stuhl 4Rico Lucente schwarz
155346,5906717469589,Stuhl 4Rico Lucente grau
155348,5906717469602,Stuhl 4Rico Lucente weiß
124573,5906717415968,Saeyang H35LSP-Kopf für die Marathon-Fräsmaschine
124831,5906717416064,Saeyang H37LSP-Kopf für die Marathon-Fräsmaschine
156035,5906717473197,"Set Staubabsaugung MOMO P30 60 W, weiß + Fräsmaschine Exo Silent SX7"
